symbol,leg,kind,review,announce,effective,source
# kind: entry=clean fresh add (Next50 forced BUY) | exit=clean drop below (forced SELL)
# promotion=left Next50->Nifty50 (confounded, net-buy) | relegation=entered Next50<-Nifty50 (confounded, net-sell)
# merger/adhoc=event-driven, excluded from regular-review study. Source = niftyindices.com press-release PDF date.
ABCAPITAL,add,entry,2018-03,2018-02-21,2018-04-02,ind_prs21022018
GICRE,add,entry,2018-03,2018-02-21,2018-04-02,ind_prs21022018
L&TFH,add,entry,2018-03,2018-02-21,2018-04-02,ind_prs21022018
SBILIFE,add,entry,2018-03,2018-02-21,2018-04-02,ind_prs21022018
AMBUJACEM,add,relegation,2018-03,2018-02-21,2018-04-02,ind_prs21022018
AUROPHARMA,add,relegation,2018-03,2018-02-21,2018-04-02,ind_prs21022018
BOSCHLTD,add,relegation,2018-03,2018-02-21,2018-04-02,ind_prs21022018
GSKCONS,drop,exit,2018-03,2018-02-21,2018-04-02,ind_prs21022018
GLAXO,drop,exit,2018-03,2018-02-21,2018-04-02,ind_prs21022018
GLENMARK,drop,exit,2018-03,2018-02-21,2018-04-02,ind_prs21022018
TATAPOWER,drop,exit,2018-03,2018-02-21,2018-04-02,ind_prs21022018
TORNTPHARM,drop,exit,2018-03,2018-02-21,2018-04-02,ind_prs21022018
BAJAJFINSV,drop,promotion,2018-03,2018-02-21,2018-04-02,ind_prs21022018
TITAN,drop,promotion,2018-03,2018-02-21,2018-04-02,ind_prs21022018
BANDHANBNK,add,entry,2018-09,2018-08-28,2018-09-28,ind_prs28082018
BIOCON,add,entry,2018-09,2018-08-28,2018-09-28,ind_prs28082018
HDFCLIFE,add,entry,2018-09,2018-08-28,2018-09-28,ind_prs28082018
ICICIGI,add,entry,2018-09,2018-08-28,2018-09-28,ind_prs28082018
NIACL,add,entry,2018-09,2018-08-28,2018-09-28,ind_prs28082018
LUPIN,add,relegation,2018-09,2018-08-28,2018-09-28,ind_prs28082018
CUMMINSIND,drop,exit,2018-09,2018-08-28,2018-09-28,ind_prs28082018
EMAMILTD,drop,exit,2018-09,2018-08-28,2018-09-28,ind_prs28082018
PFC,drop,exit,2018-09,2018-08-28,2018-09-28,ind_prs28082018
PNB,drop,exit,2018-09,2018-08-28,2018-09-28,ind_prs28082018
RECLTD,drop,exit,2018-09,2018-08-28,2018-09-28,ind_prs28082018
JSWSTEEL,drop,promotion,2018-09,2018-08-28,2018-09-28,ind_prs28082018
BAJAJHLDNG,add,entry,2019-03,2019-02-25,2019-03-29,ind_prs25022019
DIVISLAB,add,entry,2019-03,2019-02-25,2019-03-29,ind_prs25022019
HDFCAMC,add,entry,2019-03,2019-02-25,2019-03-29,ind_prs25022019
PAGEIND,add,entry,2019-03,2019-02-25,2019-03-29,ind_prs25022019
UBL,add,entry,2019-03,2019-02-25,2019-03-29,ind_prs25022019
HINDPETRO,add,relegation,2019-03,2019-02-25,2019-03-29,ind_prs25022019
ABCAPITAL,drop,exit,2019-03,2019-02-25,2019-03-29,ind_prs25022019
BEL,drop,exit,2019-03,2019-02-25,2019-03-29,ind_prs25022019
LICHSGFIN,drop,exit,2019-03,2019-02-25,2019-03-29,ind_prs25022019
OIL,drop,exit,2019-03,2019-02-25,2019-03-29,ind_prs25022019
SUNTV,drop,exit,2019-03,2019-02-25,2019-03-29,ind_prs25022019
BRITANNIA,drop,promotion,2019-03,2019-02-25,2019-03-29,ind_prs25022019
BERGEPAINT,add,entry,2019-09,2019-08-28,2019-09-27,ind_prs28082019
PFC,add,entry,2019-09,2019-08-28,2019-09-27,ind_prs28082019
PNB,add,entry,2019-09,2019-08-28,2019-09-27,ind_prs28082019
IBULHSGFIN,add,relegation,2019-09,2019-08-28,2019-09-27,ind_prs28082019
BHEL,drop,exit,2019-09,2019-08-28,2019-09-27,ind_prs28082019
MRF,drop,exit,2019-09,2019-08-28,2019-09-27,ind_prs28082019
SAIL,drop,exit,2019-09,2019-08-28,2019-09-27,ind_prs28082019
ABB,drop,merger,2019-09,2019-08-28,2019-09-27,ind_prs28082019
ABBOTINDIA,add,entry,2020-06,2020-06-10,2020-06-26,ind_prs10062020
IGL,add,entry,2020-06,2020-06-10,2020-06-26,ind_prs10062020
NAUKRI,add,entry,2020-06,2020-06-10,2020-06-26,ind_prs10062020
MUTHOOTFIN,add,entry,2020-06,2020-06-10,2020-06-26,ind_prs10062020
TORNTPHARM,add,entry,2020-06,2020-06-10,2020-06-26,ind_prs10062020
ASHOKLEY,drop,exit,2020-06,2020-06-10,2020-06-26,ind_prs10062020
IBULHSGFIN,drop,exit,2020-06,2020-06-10,2020-06-26,ind_prs10062020
L&TFH,drop,exit,2020-06,2020-06-10,2020-06-26,ind_prs10062020
NIACL,drop,exit,2020-06,2020-06-10,2020-06-26,ind_prs10062020
IDEA,drop,exit,2020-06,2020-06-10,2020-06-26,ind_prs10062020
ADANITRANS,add,adhoc,2020-03-adhoc,2020-03-16,2020-03-19,ind_prs16032020
SHREECEM,drop,promotion,2020-03-adhoc,2020-03-16,2020-03-19,ind_prs16032020
SBICARD,add,adhoc,2020-07-adhoc,2020-07-02,2020-07-31,ind_prs02072020
HDFCLIFE,drop,promotion,2020-07-adhoc,2020-07-02,2020-07-31,ind_prs02072020
ADANIGREEN,add,entry,2020-09,2020-08-20,2020-09-25,ind_prs20082020
ALKEM,add,entry,2020-09,2020-08-20,2020-09-25,ind_prs20082020
LTI,add,entry,2020-09,2020-08-20,2020-09-25,ind_prs20082020
TATACONSUM,add,entry,2020-09,2020-08-20,2020-09-25,ind_prs20082020
INFRATEL,add,relegation,2020-09,2020-08-20,2020-09-25,ind_prs20082020
NHPC,drop,exit,2020-09,2020-08-20,2020-09-25,ind_prs20082020
PAGEIND,drop,exit,2020-09,2020-08-20,2020-09-25,ind_prs20082020
SRTRANSFIN,drop,exit,2020-09,2020-08-20,2020-09-25,ind_prs20082020
DIVISLAB,drop,promotion,2020-09,2020-08-20,2020-09-25,ind_prs20082020
SBILIFE,drop,promotion,2020-09,2020-08-20,2020-09-25,ind_prs20082020
ADANIENT,add,entry,2021-03,2021-02-23,2021-03-31,ind_prs23022021
APOLLOHOSP,add,entry,2021-03,2021-02-23,2021-03-31,ind_prs23022021
JUBLFOOD,add,entry,2021-03,2021-02-23,2021-03-31,ind_prs23022021
MRF,add,entry,2021-03,2021-02-23,2021-03-31,ind_prs23022021
VEDL,add,entry,2021-03,2021-02-23,2021-03-31,ind_prs23022021
YESBANK,add,entry,2021-03,2021-02-23,2021-03-31,ind_prs23022021
GAIL,add,relegation,2021-03,2021-02-23,2021-03-31,ind_prs23022021
BANKBARODA,drop,exit,2021-03,2021-02-23,2021-03-31,ind_prs23022021
CONCOR,drop,exit,2021-03,2021-02-23,2021-03-31,ind_prs23022021
GICRE,drop,exit,2021-03,2021-02-23,2021-03-31,ind_prs23022021
HINDZINC,drop,exit,2021-03,2021-02-23,2021-03-31,ind_prs23022021
OFSS,drop,exit,2021-03,2021-02-23,2021-03-31,ind_prs23022021
PFC,drop,exit,2021-03,2021-02-23,2021-03-31,ind_prs23022021
TATACONSUM,drop,promotion,2021-03,2021-02-23,2021-03-31,ind_prs23022021
BANKBARODA,add,entry,2021-09,2021-08-23,2021-09-30,ind_prs23082021
CHOLAFIN,add,entry,2021-09,2021-08-23,2021-09-30,ind_prs23082021
JINDALSTEL,add,entry,2021-09,2021-08-23,2021-09-30,ind_prs23082021
PIIND,add,entry,2021-09,2021-08-23,2021-09-30,ind_prs23082021
SAIL,add,entry,2021-09,2021-08-23,2021-09-30,ind_prs23082021
ABBOTINDIA,drop,exit,2021-09,2021-08-23,2021-09-30,ind_prs23082021
ALKEM,drop,exit,2021-09,2021-08-23,2021-09-30,ind_prs23082021
MRF,drop,exit,2021-09,2021-08-23,2021-09-30,ind_prs23082021
PETRONET,drop,exit,2021-09,2021-08-23,2021-09-30,ind_prs23082021
UBL,drop,exit,2021-09,2021-08-23,2021-09-30,ind_prs23082021
NYKAA,add,entry,2022-03,2022-02-24,2022-03-31,ind_prs24022022
MINDTREE,add,entry,2022-03,2022-02-24,2022-03-31,ind_prs24022022
PAYTM,add,entry,2022-03,2022-02-24,2022-03-31,ind_prs24022022
SRF,add,entry,2022-03,2022-02-24,2022-03-31,ind_prs24022022
ZOMATO,add,entry,2022-03,2022-02-24,2022-03-31,ind_prs24022022
IOC,add,relegation,2022-03,2022-02-24,2022-03-31,ind_prs24022022
AUROPHARMA,drop,exit,2022-03,2022-02-24,2022-03-31,ind_prs24022022
HINDPETRO,drop,exit,2022-03,2022-02-24,2022-03-31,ind_prs24022022
IGL,drop,exit,2022-03,2022-02-24,2022-03-31,ind_prs24022022
JINDALSTEL,drop,exit,2022-03,2022-02-24,2022-03-31,ind_prs24022022
YESBANK,drop,exit,2022-03,2022-02-24,2022-03-31,ind_prs24022022
APOLLOHOSP,drop,promotion,2022-03,2022-02-24,2022-03-31,ind_prs24022022
ATGL,add,entry,2022-09,2022-09-01,2022-09-30,ind_prs01092022
BEL,add,entry,2022-09,2022-09-01,2022-09-30,ind_prs01092022
HAL,add,entry,2022-09,2022-09-01,2022-09-30,ind_prs01092022
IRCTC,add,entry,2022-09,2022-09-01,2022-09-30,ind_prs01092022
MPHASIS,add,entry,2022-09,2022-09-01,2022-09-30,ind_prs01092022
MOTHERSON,add,entry,2022-09,2022-09-01,2022-09-30,ind_prs01092022
SHREECEM,add,relegation,2022-09,2022-09-01,2022-09-30,ind_prs01092022
JUBLFOOD,drop,exit,2022-09,2022-09-01,2022-09-30,ind_prs01092022
LUPIN,drop,exit,2022-09,2022-09-01,2022-09-30,ind_prs01092022
PNB,drop,exit,2022-09,2022-09-01,2022-09-30,ind_prs01092022
SAIL,drop,exit,2022-09,2022-09-01,2022-09-30,ind_prs01092022
ZYDUSLIFE,drop,exit,2022-09,2022-09-01,2022-09-30,ind_prs01092022
ADANIENT,drop,promotion,2022-09,2022-09-01,2022-09-30,ind_prs01092022
MINDTREE,drop,merger,2022-09,2022-09-01,2022-09-30,ind_prs01092022
ABB,add,entry,2023-03,2023-02-17,2023-03-31,ind_prs17022023
AWL,add,entry,2023-03,2023-02-17,2023-03-31,ind_prs17022023
CANBK,add,entry,2023-03,2023-02-17,2023-03-31,ind_prs17022023
PAGEIND,add,entry,2023-03,2023-02-17,2023-03-31,ind_prs17022023
VBL,add,entry,2023-03,2023-02-17,2023-03-31,ind_prs17022023
BANDHANBNK,drop,exit,2023-03,2023-02-17,2023-03-31,ind_prs17022023
BIOCON,drop,exit,2023-03,2023-02-17,2023-03-31,ind_prs17022023
GLAND,drop,exit,2023-03,2023-02-17,2023-03-31,ind_prs17022023
MPHASIS,drop,exit,2023-03,2023-02-17,2023-03-31,ind_prs17022023
PAYTM,drop,exit,2023-03,2023-02-17,2023-03-31,ind_prs17022023
PNB,add,entry,2023-09,2023-08-17,2023-09-29,ind_prs17082023
SHRIRAMFIN,add,entry,2023-09,2023-08-17,2023-09-29,ind_prs17082023
TRENT,add,entry,2023-09,2023-08-17,2023-09-29,ind_prs17082023
TVSMOTOR,add,entry,2023-09,2023-08-17,2023-09-29,ind_prs17082023
ZYDUSLIFE,add,entry,2023-09,2023-08-17,2023-09-29,ind_prs17082023
ACC,drop,exit,2023-09,2023-08-17,2023-09-29,ind_prs17082023
NYKAA,drop,exit,2023-09,2023-08-17,2023-09-29,ind_prs17082023
HDFCAMC,drop,exit,2023-09,2023-08-17,2023-09-29,ind_prs17082023
INDUSTOWER,drop,exit,2023-09,2023-08-17,2023-09-29,ind_prs17082023
PAGEIND,drop,exit,2023-09,2023-08-17,2023-09-29,ind_prs17082023
LTIM,drop,promotion,2023-07-adhoc,2023-07-04,2023-07-13,ind_prs04072023
JINDALSTEL,add,adhoc,2023-07-adhoc,2023-07-04,2023-07-13,ind_prs04072023
ADANIPOWER,add,entry,2024-03,2024-02-28,2024-03-28,ind_prs28022024
IRFC,add,entry,2024-03,2024-02-28,2024-03-28,ind_prs28022024
JIOFIN,add,entry,2024-03,2024-02-28,2024-03-28,ind_prs28022024
PFC,add,entry,2024-03,2024-02-28,2024-03-28,ind_prs28022024
RECLTD,add,entry,2024-03,2024-02-28,2024-03-28,ind_prs28022024
AWL,drop,exit,2024-03,2024-02-28,2024-03-28,ind_prs28022024
MUTHOOTFIN,drop,exit,2024-03,2024-02-28,2024-03-28,ind_prs28022024
PIIND,drop,exit,2024-03,2024-02-28,2024-03-28,ind_prs28022024
PGHH,drop,exit,2024-03,2024-02-28,2024-03-28,ind_prs28022024
SHRIRAMFIN,drop,promotion,2024-03,2024-02-28,2024-03-28,ind_prs28022024
BHEL,add,entry,2024-09,2024-08-23,2024-09-30,ind_prs23082024
JSWENERGY,add,entry,2024-09,2024-08-23,2024-09-30,ind_prs23082024
LODHA,add,entry,2024-09,2024-08-23,2024-09-30,ind_prs23082024
NHPC,add,entry,2024-09,2024-08-23,2024-09-30,ind_prs23082024
UNIONBANK,add,entry,2024-09,2024-08-23,2024-09-30,ind_prs23082024
DIVISLAB,add,relegation,2024-09,2024-08-23,2024-09-30,ind_prs23082024
LTIM,add,relegation,2024-09,2024-08-23,2024-09-30,ind_prs23082024
BERGEPAINT,drop,exit,2024-09,2024-08-23,2024-09-30,ind_prs23082024
COLPAL,drop,exit,2024-09,2024-08-23,2024-09-30,ind_prs23082024
MARICO,drop,exit,2024-09,2024-08-23,2024-09-30,ind_prs23082024
SBICARD,drop,exit,2024-09,2024-08-23,2024-09-30,ind_prs23082024
SRF,drop,exit,2024-09,2024-08-23,2024-09-30,ind_prs23082024
BEL,drop,promotion,2024-09,2024-08-23,2024-09-30,ind_prs23082024
TRENT,drop,promotion,2024-09,2024-08-23,2024-09-30,ind_prs23082024
BAJAJHFL,add,entry,2025-03,2025-02-21,2025-03-28,ind_prs21022025
CGPOWER,add,entry,2025-03,2025-02-21,2025-03-28,ind_prs21022025
HYUNDAI,add,entry,2025-03,2025-02-21,2025-03-28,ind_prs21022025
INDHOTEL,add,entry,2025-03,2025-02-21,2025-03-28,ind_prs21022025
SWIGGY,add,entry,2025-03,2025-02-21,2025-03-28,ind_prs21022025
BPCL,add,relegation,2025-03,2025-02-21,2025-03-28,ind_prs21022025
BRITANNIA,add,relegation,2025-03,2025-02-21,2025-03-28,ind_prs21022025
ATGL,drop,exit,2025-03,2025-02-21,2025-03-28,ind_prs21022025
BHEL,drop,exit,2025-03,2025-02-21,2025-03-28,ind_prs21022025
IRCTC,drop,exit,2025-03,2025-02-21,2025-03-28,ind_prs21022025
NHPC,drop,exit,2025-03,2025-02-21,2025-03-28,ind_prs21022025
UNIONBANK,drop,exit,2025-03,2025-02-21,2025-03-28,ind_prs21022025
ZOMATO,drop,promotion,2025-03,2025-02-21,2025-03-28,ind_prs21022025
JIOFIN,drop,promotion,2025-03,2025-02-21,2025-03-28,ind_prs21022025
HINDZINC,add,entry,2025-09,2025-08-22,2025-09-30,ind_prs22082025
MAZDOCK,add,entry,2025-09,2025-08-22,2025-09-30,ind_prs22082025
ENRIN,add,entry,2025-09,2025-08-22,2025-09-30,ind_prs22082025
SOLARINDS,add,entry,2025-09,2025-08-22,2025-09-30,ind_prs22082025
INDIGO,drop,promotion,2025-09,2025-08-22,2025-09-30,ind_prs22082025
DABUR,drop,exit,2025-09,2025-08-22,2025-09-30,ind_prs22082025
ICICIPRULI,drop,exit,2025-09,2025-08-22,2025-09-30,ind_prs22082025
SWIGGY,drop,exit,2025-09,2025-08-22,2025-09-30,ind_prs22082025
