index_symbol,nse_names
Nifty Bank,Nifty Bank
Nifty Financial Services,Nifty Financial Services
Nifty Financial Services Ex-Bank,Nifty Financial Services Ex-Bank
Nifty Capital Markets,Nifty Capital Markets
Nifty Insurance,Nifty Insurance
Nifty IT,Nifty IT
Nifty Pharma,Nifty Pharma
Nifty Healthcare Index,Nifty Healthcare Index
Nifty FMCG,Nifty FMCG
Nifty Auto,Nifty Auto
Nifty Metal,Nifty Metal
Nifty Realty,Nifty Realty
Nifty Oil & Gas,Nifty Oil & Gas
Nifty Energy,Nifty Energy
Nifty Power,Nifty Power
Nifty Media,Nifty Media
Nifty Consumer Durables,Nifty Consumer Durables
Nifty India Consumption,Nifty India Consumption
Nifty Consumer Services,Nifty Consumer Services
Nifty Chemicals,Nifty Chemicals
Nifty Commodities,Nifty Commodities
Nifty Cement,Nifty Cement
Nifty Capital Goods,Nifty Capital Goods
Nifty India Manufacturing,Nifty India Manufacturing
Nifty India Defence,Nifty India Defence
Nifty Construction,Nifty Construction
Nifty Infrastructure,Nifty Infrastructure
Nifty Transportation & Logistics,Nifty Transportation & Logistics
Nifty Services Sector,Nifty Services Sector
Nifty Telecommunications,Nifty Telecommunications
