Date,strategy,ew_nifty
2018-01-01,100000.0,100000.0
2018-01-02,100000.0,99766.6142008887
2018-01-03,100000.0,99874.96584913455
2018-01-04,100000.0,100921.60235735706
2018-01-05,100000.0,101986.33329577059
2018-01-08,100000.0,102591.15114848949
2018-01-09,100000.0,102613.71359934122
2018-01-10,100000.0,102650.13087829668
2018-01-11,100000.0,102752.73388879301
2018-01-12,100000.0,102815.24492886414
2018-01-15,100000.0,102792.20806180456
2018-01-16,100000.0,102335.39553475415
2018-01-17,100000.0,102986.18922620906
2018-01-18,100000.0,102184.19431006478
2018-01-19,100000.0,102782.26052159935
2018-01-22,100000.0,103309.63211082958
2018-01-23,100000.0,104293.67376254451
2018-01-24,100000.0,103977.08329122499
2018-01-25,100000.0,103641.91535356244
2018-01-29,100000.0,103847.80773950812
2018-01-30,100000.0,102905.9572322859
2018-01-31,100000.0,102470.94909466364
2018-02-01,100000.0,102938.06967190802
2018-02-02,100000.0,100583.67939723369
2018-02-05,100000.0,99873.82845014494
2018-02-06,100000.0,98548.68309938468
2018-02-07,100000.0,98671.32894355118
2018-02-08,100000.0,99999.32851645187
2018-02-09,100000.0,99469.9019378622
2018-02-12,100000.0,100397.03404512897
2018-02-14,100000.0,100158.30549950169
2018-02-15,100000.0,100415.32684406167
2018-02-16,100000.0,99453.8134086985
2018-02-19,100000.0,98337.98598630964
2018-02-20,100000.0,98380.66064823772
2018-02-21,100000.0,98423.81906822059
2018-02-22,100000.0,98459.31536762022
2018-02-23,100000.0,99691.87500047231
2018-02-26,100000.0,100478.39374585099
2018-02-27,100000.0,100339.55523760221
2018-02-28,100000.0,99903.493278206
2018-03-01,100000.0,99630.10274093847
2018-03-05,100000.0,98899.93791946718
2018-03-06,100000.0,97938.09493470543
2018-03-07,100000.0,96862.69081990102
2018-03-08,100000.0,97323.02961134815
2018-03-09,100000.0,96931.7985999802
2018-03-12,100000.0,98403.51437744538
2018-03-13,100000.0,98749.44528634149
2018-03-14,100000.0,98788.68165497479
2018-03-15,100000.0,98767.72791002525
2018-03-16,100000.0,97397.06366254443
2018-03-19,100000.0,96081.68316580458
2018-03-20,100000.0,96568.54941338275
2018-03-21,100000.0,96715.68629214767
2018-03-22,100000.0,96184.99995640022
2018-03-23,100000.0,95493.334112812
2018-03-26,100000.0,96730.41294040847
2018-03-27,100000.0,97511.04262221037
2018-03-28,100000.0,97010.80560173467
2018-04-02,100000.0,98485.76095569145
2018-04-03,100000.0,98648.40174469282
2018-04-04,100000.0,97385.31016302556
2018-04-05,100000.0,99471.94734828148
2018-04-06,100000.0,99763.75040819186
2018-04-09,100000.0,100092.07333511436
2018-04-10,100000.0,100531.42472800516
2018-04-11,100000.0,100757.7454421522
2018-04-12,100000.0,100832.58796985121
2018-04-13,100000.0,101155.14216686698
2018-04-16,100000.0,101728.02997014628
2018-04-17,100000.0,101949.51494686039
2018-04-18,100000.0,101703.86784367873
2018-04-19,100000.0,102439.23353166132
2018-04-20,100000.0,102511.91146872625
2018-04-23,100000.0,102829.25330065587
2018-04-24,100000.0,102785.69985303847
2018-04-25,100000.0,102640.94754147586
2018-04-26,100000.0,103128.96788853945
2018-04-27,100000.0,103454.88535901888
2018-04-30,100000.0,103934.0610167041
2018-05-02,100000.0,102773.38149570531
2018-05-03,100000.0,102090.91021832237
2018-05-04,100000.0,101630.85279561712
2018-05-07,100000.0,102443.2358397904
2018-05-08,100000.0,102485.36008288043
2018-05-09,100000.0,102405.81701581735
2018-05-10,100000.0,101989.70407364152
2018-05-11,100000.0,102698.76506492063
2018-05-14,100000.0,102508.17576772391
2018-05-15,100000.0,102424.89555730826
2018-05-16,100000.0,101983.0524485523
2018-05-17,100000.0,101858.19162369556
2018-05-18,100000.0,101117.49147507398
2018-05-21,100000.0,100130.00430535723
2018-05-22,100000.0,100786.54065713342
2018-05-23,100000.0,99921.09648916316
2018-05-24,100000.0,100626.95454353625
2018-05-25,100000.0,101854.06997037971
2018-05-28,100000.0,102470.63710531528
2018-05-29,100000.0,102074.76328339473
2018-05-30,100000.0,102020.73586825722
2018-05-31,100000.0,102660.46092984828
2018-06-01,100000.0,102045.20011162723
2018-06-04,100000.0,101281.04616308886
2018-06-05,100000.0,100751.49985058155
2018-06-06,100000.0,101960.07649115786
2018-06-07,100000.0,102889.22050793598
2018-06-08,100000.0,103062.49306034221
2018-06-11,100000.0,103514.72737740599
2018-06-12,100000.0,103973.9243583271
2018-06-13,100000.0,104299.34388377775
2018-06-14,100000.0,103974.76707199786
2018-06-15,100000.0,103979.93313540884
2018-06-18,100000.0,103757.6478425988
2018-06-19,100000.0,102793.03988356389
2018-06-20,100000.0,103114.60947211582
2018-06-21,100000.0,102451.87868028636
2018-06-22,100000.0,103217.47848129024
2018-06-25,100000.0,102673.05738107963
2018-06-26,100000.0,102779.5769129151
2018-06-27,100000.0,101748.0380364161
2018-06-28,100000.0,100641.71906382675
2018-06-29,100000.0,101760.41654317977
2018-07-02,100000.0,101137.27162270345
2018-07-03,100000.0,101782.69684348881
2018-07-04,100000.0,101913.21509313722
2018-07-05,100000.0,101739.60573408136
2018-07-06,100000.0,101848.06116606788
2018-07-09,100000.0,102674.49349250016
2018-07-10,100000.0,103677.15990349819
2018-07-11,100000.0,103596.50830946017
2018-07-12,100000.0,104001.70269080573
2018-07-13,100000.0,103962.79129753364
2018-07-16,100000.0,102767.95817704935
2018-07-17,100000.0,103621.70354067779
2018-07-18,100000.0,103096.76474329863
2018-07-19,100000.0,102776.5133470011
2018-07-20,100000.0,103570.23644221073
2018-07-23,100000.0,104461.89915207289
2018-07-24,100000.0,105325.25704688045
2018-07-25,100000.0,105319.84869205339
2018-07-26,100000.0,105879.19484360506
2018-07-27,100000.0,106757.39366710772
2018-07-30,100000.0,106948.13467179037
2018-07-31,100000.0,107847.8354866715
2018-08-01,100000.0,108000.52483047999
2018-08-02,100000.0,107548.05759733339
2018-08-03,100000.0,108026.68921992136
2018-08-06,99700.00000000001,108224.63566435123
2018-08-07,99551.04608471831,108068.26343410084
2018-08-08,99796.7898944813,108631.33249049906
2018-08-09,99842.57017788217,108815.72757302958
2018-08-10,99419.30816010672,108335.62996608764
2018-08-13,99275.91850460687,108231.24202333642
2018-08-14,99750.44189535297,109281.41240631408
2018-08-16,99397.947848658,109117.77182237586
2018-08-17,100117.68750940452,110012.83611980577
2018-08-20,101416.73155196436,110746.38645278456
2018-08-21,101344.83019141448,111116.10717201883
2018-08-23,100944.81232333921,111350.20009796193
2018-08-24,100740.14393171536,111106.55984178893
2018-08-27,102067.96982875555,112322.32362069465
2018-08-28,101999.1500894667,112767.95107202015
2018-08-29,101856.53877523041,112638.89210376704
2018-08-30,102161.88726756045,112604.52200771826
2018-08-31,102732.58883477404,113135.70246676868
2018-09-03,102573.50078540551,111875.37221370007
2018-09-04,100805.65865563466,110708.95430665965
2018-09-05,100570.74363003955,110321.28796500387
2018-09-06,100583.39965099696,111307.52746938296
2018-09-07,101584.68106108841,112043.76609493118
2018-09-10,100426.07335127176,110356.32402949751
2018-09-11,98760.50148865282,108948.73564014384
2018-09-12,99441.21230251473,109699.79973486363
2018-09-14,101552.67464082461,111252.80000633124
2018-09-17,100821.79085464793,110365.03617974077
2018-09-18,99442.25944059585,109447.8526292212
2018-09-19,99523.84334031635,109146.36991013646
2018-09-21,98713.28750082868,107866.60058120781
2018-09-24,95713.30271153619,106071.91512678622
2018-09-25,96371.57748370476,107108.34403386433
2018-09-26,96642.45054253732,106903.87424922163
2018-09-27,95585.89366311271,106233.82014059102
2018-09-28,93561.66022316313,104797.65406229437
2018-10-01,93597.45282797827,105375.07314057543
2018-10-03,92277.87437682819,103965.8900076827
2018-10-04,89724.29391430778,101962.89148930211
2018-10-05,86777.72151063956,99461.89102813393
2018-10-08,87172.36613948087,99563.12998721968
2018-10-09,86150.41195023793,99284.82240819494
2018-10-10,89037.37148631146,101442.54234250421
2018-10-11,87451.9020367386,99077.01201487487
2018-10-12,90032.62988464974,101441.24779788998
2018-10-15,89645.70289695844,101656.11811390179
2018-10-16,90455.59902531083,102569.53238954696
2018-10-17,88511.39233865554,101286.54187000265
2018-10-19,87907.81715935192,100506.61188496098
2018-10-22,87066.47340886637,99747.91798041642
2018-10-23,86377.50751467205,98597.60581580493
2018-10-24,87755.41890857634,99408.73314643207
2018-10-25,87043.07033634673,98987.9481429889
2018-10-26,86619.5080069993,98045.64287915517
2018-10-29,87871.75774929306,100223.63342429152
2018-10-30,87732.04082055678,99981.33666231055
2018-10-31,88880.2124079597,101420.5352687963
2018-11-01,89509.75587874991,101528.89163999593
2018-11-02,91645.61035348904,102781.38361085321
2018-11-05,91636.11634998118,102570.82131696433
2018-11-06,91171.83656894458,102113.46019579956
2018-11-07,91787.92083296603,102730.25186669307
2018-11-09,92236.97745474648,102862.56208898696
2018-11-12,91203.97010171151,101958.76600248954
2018-11-13,92065.98515313782,102796.51993956153
2018-11-14,92721.05768306578,102670.51466498309
2018-11-15,93199.36648424182,103349.0313102133
2018-11-16,94028.73080515403,103848.4405353367
2018-11-19,94217.91310303779,104254.14310673054
2018-11-20,93493.028171756,102962.73124603681
2018-11-21,93563.22462307326,102881.42907466827
2018-11-22,92765.4481337497,101999.67594918326
2018-11-26,93429.68734669837,102770.22797141761
2018-11-27,93658.11910843874,103003.84216868934
2018-11-28,93413.8588448284,102932.26828557192
2018-11-29,94593.79048438791,104363.8002653422
2018-11-30,94733.9633378021,104623.92649441808
2018-12-03,94668.06650725604,104796.29469110214
2018-12-04,94638.63499305987,104709.18855626177
2018-12-05,93217.84586514493,103408.87482952628
2018-12-06,91537.29675141507,101331.30006380646
2018-12-07,92119.64936322434,102055.73471181306
2018-12-10,90496.18912652996,100137.51458831332
2018-12-11,91546.04870079673,101415.17219644845
2018-12-12,93699.78893026689,103407.33046946784
2018-12-13,94022.08154038839,103961.25495074308
2018-12-14,94505.3843274708,104264.83618970453
2018-12-17,95135.18187455574,104836.87328716471
2018-12-18,95618.3249081739,105213.8354334507
2018-12-19,96270.24757346982,105999.84701943077
2018-12-20,96184.95003867352,105838.71914073527
2018-12-21,95030.43668504102,104398.65507627116
2018-12-24,94031.19756412934,103484.24046165565
2018-12-26,94308.64934614039,103863.39117591052
2018-12-27,94660.9894931694,104279.47935387376
2018-12-28,95406.72881243534,105131.5209248136
2018-12-31,95582.58699896294,105319.16920190112
2019-01-01,95577.16130426289,105245.13020765285
2019-01-02,93809.74157709372,103899.43880959584
2019-01-03,92454.5808025139,102853.2203526749
2019-01-04,92930.20288369816,103131.0885792328
2019-01-07,93297.381161341,103370.30414168962
2019-01-08,93711.701846197,103759.72084435199
2019-01-09,93829.94643973827,103956.01447387706
2019-01-10,93658.04960636827,103914.17519246493
2019-01-11,93327.43025282657,103655.40121958479
2019-01-14,92717.55188608565,102944.98614350735
2019-01-15,93813.91315315358,104227.00949029735
2019-01-16,93847.70109754166,104161.30828067086
2019-01-17,93564.52326459598,104193.77143774551
2019-01-18,92956.54224486093,103910.94641937544
2019-01-21,92709.47394746452,103891.74180920333
2019-01-22,92151.55517281634,103658.09195943641
2019-01-23,91706.72549932478,103181.00850400973
2019-01-24,91534.35137014372,103154.7236689272
2019-01-25,90474.03480936159,102241.7695031046
2019-01-28,89436.90631785657,100819.78692655428
2019-01-29,89356.38914869017,101257.93659639267
2019-01-30,89631.10540411228,101656.20444872518
2019-01-31,90482.13953064258,102720.15528239509
2019-02-01,91847.86029483259,103746.79405719404
2019-02-04,90759.71317161906,102950.97070560277
2019-02-05,90853.93033456114,103263.51012564143
2019-02-06,92309.2579207807,104524.58040120678
2019-02-07,93316.18897237562,104904.14184683697
2019-02-08,91659.04551791612,103524.05920396445
2019-02-11,90743.40376263528,102283.08982549114
2019-02-12,90926.72391171817,102101.55642300125
2019-02-14,90229.4907888262,101290.07702642574
2019-02-15,89699.97281746421,100714.21274750329
2019-02-18,88941.99169292694,99874.32786488917
2019-02-19,88976.40490582476,99698.95282298121
2019-02-20,90413.15035778224,101007.27419961097
2019-02-21,90914.70119335238,101740.09244973611
2019-02-22,91885.35799139865,102311.95777429729
2019-02-25,92728.96759115612,103077.86898477997
2019-02-26,92888.72265653728,102973.68544324242
2019-02-27,93167.16657451156,102831.55435297909
2019-02-28,93112.58185407254,102653.91511793817
2019-03-01,94176.67887617224,103484.63515583468
2019-03-05,96490.32880200313,105010.97121882194
2019-03-06,96872.62401568575,105425.01249895857
2019-03-07,96506.75325108315,104952.54492923152
2019-03-08,96401.23412522911,104703.92622298046
2019-03-11,98506.4038979856,106381.66780264406
2019-03-12,99464.00405965738,107352.90183959967
2019-03-13,98785.00544319002,107225.08665021295
2019-03-14,99013.79193609358,107341.77631057562
2019-03-15,99358.7644895851,107834.59061352712
2019-03-18,99165.69360009732,107935.28167949995
2019-03-19,99134.05322067779,108365.26232612183
2019-03-20,98124.48969976869,107674.74629153161
2019-03-22,98091.88170980636,107421.03242625989
2019-03-25,97276.7754608388,106767.9530521678
2019-03-26,98418.61355211215,107958.94209779766
2019-03-27,97907.6064482355,107855.5131116129
2019-03-28,98323.78149062913,108648.90023341695
2019-04-01,101011.45802173368,109794.35860212821
2019-04-02,100879.68326998466,109951.43154806294
2019-04-03,100338.99941987131,109343.91697919156
2019-04-04,100298.44903767569,108923.15607272995
2019-04-05,101143.70172964147,109617.6749061675
2019-04-08,100549.34540466733,109081.10430793458
2019-04-09,101516.83634354018,109650.62632657707
2019-04-10,101054.376523293,109157.66934762818
2019-04-11,101417.72282077125,109399.87305884149
2019-04-12,102293.79552023565,109901.85697717905
2019-04-15,103186.69262346836,110568.21671764673
2019-04-16,103724.92332736672,111417.66347595488
2019-04-18,102902.25908358276,110917.89060980694
2019-04-22,101037.34866497602,109757.46713331137
2019-04-23,100475.15067782713,109578.55027243512
2019-04-24,100737.5547411045,110762.36281153877
2019-04-25,100107.69986450745,110507.55453967678
2019-04-26,100231.79494068825,111211.82836302948
2019-04-30,99350.55439209571,111173.8828239672
2019-05-02,98609.4741108643,110734.28050520415
2019-05-03,98239.77680903256,110588.60690580509
2019-05-06,96889.12588738932,109569.30748786064
2019-05-07,96345.83710394053,108757.46456345705
2019-05-08,95768.11081529243,107799.3822123365
2019-05-09,95835.00015302135,107476.95110079956
2019-05-10,95719.00521796154,106991.98170905313
2019-05-13,94260.46080901027,105595.27569217065
2019-05-14,94953.83378215437,106000.57830433238
2019-05-15,94251.8188306943,105361.00670117994
2019-05-16,95499.46921465546,106471.09605699197
2019-05-17,97598.48299192589,107765.11859215869
2019-05-20,103086.54120125082,111752.78458763717
2019-05-21,101963.96098911787,110812.71106170949
2019-05-22,102193.49131851243,111190.96595579796
2019-05-23,101601.42626368187,111011.9539436773
2019-05-24,103253.0114425465,112506.44258877293
2019-05-27,104471.72112021099,113377.99062175263
2019-05-28,104245.54241771356,113332.01173718744
2019-05-29,103612.966584551,112654.02414521454
2019-05-30,103287.11899495353,113316.65653150143
2019-05-31,103507.36184788529,113609.16380249886
2019-06-03,106147.66693112564,115553.60796488712
2019-06-04,105095.96035421631,114870.70807886132
2019-06-06,103778.00348002036,113513.57357534712
2019-06-07,104074.71747619036,113679.56718917983
2019-06-10,104552.58552335555,114266.20938734093
2019-06-11,105116.39040485608,114672.94184115922
2019-06-12,104522.63855590948,114168.76288407984
2019-06-13,104241.60991144105,114305.29368919609
2019-06-14,103233.98335761028,113393.08603552196
2019-06-17,100518.53322946547,111806.41399398692
2019-06-18,100416.23819225586,112260.87408203064
2019-06-19,100228.70030437289,112088.09987028834
2019-06-20,101924.14638048482,113567.71836641475
2019-06-21,101528.38355302448,112882.95728287469
2019-06-24,100773.78380443284,112672.34555197388
2019-06-25,101552.46824213638,113345.68557944082
2019-06-26,102078.99017936044,114158.170824906
2019-06-27,102251.79274459294,114283.80015771066
2019-06-28,101749.63566910966,114085.04044958357
2019-07-01,102378.22941077546,114509.35461968294
2019-07-02,102518.84944938764,114867.53926369488
2019-07-03,102716.2397151297,114924.17267618801
2019-07-04,102810.20773240166,115147.13440380117
2019-07-05,101071.93577413792,113303.08480693701
2019-07-08,98956.39121063487,110377.32636977153
2019-07-09,99287.26295507564,110676.579244866
2019-07-10,98317.21562801022,109640.29447350548
2019-07-11,100043.94088406669,110668.55147192988
2019-07-12,100397.35372434788,110745.62379586778
2019-07-15,100579.26958382309,110901.053873973
2019-07-16,101358.99228549885,111772.36030338118
2019-07-17,101460.43201824499,111879.332283224
2019-07-18,100023.92650308588,110639.9934694915
2019-07-19,97958.83256170237,108917.25809983123
2019-07-22,98455.44874934437,108619.29970035111
2019-07-23,98098.05087941278,108838.21252940629
2019-07-24,96521.74129062217,107550.22061897763
2019-07-25,96891.7296192556,107505.7753667874
2019-07-26,97870.05596668669,108495.22077794667
2019-07-29,96246.7183913562,107320.12073206938
2019-07-30,94208.39773432401,106113.7303819023
2019-07-31,95528.56468089572,106864.93676736599
2019-08-01,94801.52796146547,105943.44785534393
2019-08-02,94664.7414834199,106266.4198681053
2019-08-05,93710.58721374012,105187.85996881299
2019-08-06,94665.79659429302,106481.05309282789
2019-08-07,93723.7275403184,105789.73967014032
2019-08-08,95411.43329517813,107408.0149050176
2019-08-09,95524.7435399956,108043.92901414917
2019-08-13,93733.88774195747,105848.77243183188
2019-08-14,94788.15473160383,107022.78305253963
2019-08-16,95172.53956260878,107853.08324489857
2019-08-19,95160.69967733233,107900.61615642974
2019-08-20,94686.80853126921,107599.75636513854
2019-08-21,93397.34022044062,106660.84116433015
2019-08-22,91981.85985038239,105243.66105997351
2019-08-23,93333.61168501926,106191.12334402274
2019-08-26,94602.96395228467,107814.76276615476
2019-08-27,95591.30508969784,108501.92033671473
2019-08-28,94636.89013749835,108011.09083574978
2019-08-29,94436.73860931565,107573.28045941716
2019-08-30,95087.51337299966,108342.55393391989
2019-09-03,93345.36344597342,106311.1661596565
2019-09-04,93594.51317509162,106567.04057216404
2019-09-05,94690.66139876717,107089.7731891497
2019-09-06,95985.53101472532,108188.03580079434
2019-09-09,96532.79997336461,108707.5453232397
2019-09-11,97382.65947750777,108993.78654877463
2019-09-12,96956.98459261334,108386.84678317298
2019-09-13,97961.50917717356,109365.25719929446
2019-09-16,97470.8282127859,108959.79339911017
2019-09-17,95373.35047790433,107260.01748940568
2019-09-18,95731.76226365038,107869.06295240344
2019-09-19,94520.23729660356,106615.31701046876
2019-09-20,100590.16644062482,112561.46728601308
2019-09-23,103539.31152738814,115167.57076597169
2019-09-24,102711.27659576033,114736.77481751647
2019-09-25,100829.62031923344,113750.52222936637
2019-09-26,102680.35578268346,115382.31829950403
2019-09-27,101509.53495286743,114628.64241261277
2019-09-30,100927.73705544775,114313.98525875414
2019-10-01,99149.41520869857,112874.07175770692
2019-10-03,98662.73714067263,112743.45362191487
2019-10-04,97528.56088653686,111264.80314765763
2019-10-07,96848.04789445328,110760.93616664576
2019-10-09,98851.02902379837,112582.84674805694
2019-10-10,97981.20939873316,111884.77978956199
2019-10-11,98683.49372240751,112892.01589800911
2019-10-14,99717.47990318615,113446.59257807066
2019-10-15,100861.14589445094,114592.04162346912
2019-10-16,101119.01076373676,115372.79916999619
2019-10-17,102500.3804539165,116658.11402174615
2019-10-18,103482.08520265634,117940.72313710322
2019-10-22,103654.50873442512,117805.03424067999
2019-10-23,103829.06516561111,117883.00621108744
2019-10-24,102726.73735248909,117744.27256196189
2019-10-25,103257.32263216532,117956.45531998885
2019-10-27,103479.9451184335,118229.02143055601
2019-10-29,105880.13025408637,119788.18891972765
2019-10-30,106548.04092933038,120252.62062345294
2019-10-31,107450.45087875964,120785.08740042617
2019-11-01,108382.90321757813,120828.04226797534
2019-11-04,109378.86021913469,121013.81318123308
2019-11-05,108523.602817892,120772.19870192464
2019-11-06,109028.0862251992,120784.29502144741
2019-11-07,109400.12832725886,121224.83968963222
2019-11-08,108148.94182702764,119800.09057402426
2019-11-11,108082.81592123793,119693.99933467581
2019-11-13,106584.465653583,118802.94795678719
2019-11-14,105926.53052463659,119017.03873938746
2019-11-15,106353.48763515851,119034.15556521084
2019-11-18,106997.80797996877,119078.30965177693
2019-11-19,107305.5350094456,119123.5693135251
2019-11-20,107805.52936781761,119839.96531636352
2019-11-21,106752.96448821135,119344.5966019023
2019-11-22,107050.80155373827,118928.1218240349
2019-11-25,108522.36307264863,120783.53656020797
2019-11-26,107357.85021252031,120051.0015265255
2019-11-27,107711.09763208491,120716.80961020215
2019-11-28,108909.01778775378,121345.01738673597
2019-11-29,108103.3750592926,120491.92250727474
2019-12-02,107604.65722188244,119851.30903949057
2019-12-03,106402.03676028739,119309.17876211708
2019-12-04,107019.16339552545,120075.14210231179
2019-12-05,106510.03308517166,119456.8207049136
2019-12-06,105539.79163461797,118560.97032817645
2019-12-09,105398.72185559114,118480.28094441973
2019-12-10,103954.70598849768,117599.84327214208
2019-12-11,104295.26241017003,118124.94175775214
2019-12-12,104775.46880354897,119015.03721645683
2019-12-13,106151.64912712354,119914.52430662944
2019-12-16,105408.66935302463,119475.34044724666
2019-12-17,106373.90760030464,120357.82844833545
2019-12-18,106675.91357431137,120635.54911369005
2019-12-19,106998.0643569775,121110.76272837438
2019-12-20,107274.02946932611,121930.66956726086
2019-12-23,106970.68628548499,121713.82230049976
2019-12-24,107409.19983669961,121436.78917273921
2019-12-26,106865.65955184179,121077.2764870345
2019-12-27,107804.18687180878,122152.83075041934
2019-12-30,108193.21029144817,122340.49240912021
2019-12-31,108355.09195759105,121624.25389440988
2020-01-01,109073.80717882607,121606.79015427404
2020-01-02,110142.06375715909,122565.1772450906
2020-01-03,109821.32329080386,121927.45822008117
2020-01-06,108500.45275969709,119824.61486479596
2020-01-07,108821.56201056467,120340.88273461458
2020-01-08,107946.89656534481,120121.25237269979
2020-01-09,108952.28907976323,121888.87705940024
2020-01-10,109631.95228916811,122302.93379604026
2020-01-13,110762.66455586432,123270.90501622781
2020-01-14,111503.38515945798,124017.47269187668
2020-01-15,111530.29573608277,124241.8589900701
2020-01-16,111275.3958060255,124519.60999997357
2020-01-17,111255.1129990799,124857.84731734861
2020-01-20,110781.34153483575,123979.13016003332
2020-01-21,109732.63810551965,123337.72260686907
2020-01-22,108853.88972255487,123053.5980136062
2020-01-23,110403.05218048774,123942.41685527643
2020-01-24,110849.73411101862,124584.83439305895
2020-01-27,109958.87954075201,123865.5479399146
2020-01-28,108962.09390216316,123320.23929059708
2020-01-29,110236.3196122125,124369.78017249604
2020-01-30,109419.15924880508,123246.83697350047
2020-01-31,107998.31147695392,122344.90056276009
2020-02-03,104703.64915310434,121118.9036366741
2020-02-04,107636.30730805507,123457.53614255237
2020-02-05,107096.83739107229,124386.3219530885
2020-02-06,107918.92796124435,124999.0500213527
2020-02-07,108319.85901383271,125640.7598072063
2020-02-10,106352.00243092222,124941.2629730126
2020-02-11,107418.44921962303,125469.93348060826
2020-02-12,107635.11293500215,126407.62834892889
2020-02-13,106557.9686007156,126700.47919908202
2020-02-14,104792.71635479765,126433.8219553671
2020-02-17,103308.9650296503,125672.11365087907
2020-02-18,103258.55787697746,125237.9016601495
2020-02-19,104649.4768392167,126909.55252300542
2020-02-20,104683.91263654587,126648.7840166992
2020-02-24,102416.5902859178,124134.22813016419
2020-02-25,101619.36524233148,123605.41807720019
2020-02-26,100128.45440166238,122231.1033666515
2020-02-27,99100.68288489306,121711.21250590004
2020-02-28,96094.63296647802,117040.94619041063
2020-03-02,95094.47258890407,116421.40987422942
2020-03-03,98064.49196117299,118747.8692035733
2020-03-04,98001.27252735176,118171.86757367561
2020-03-05,97866.30517228926,118553.6120382376
2020-03-06,95559.32981278741,116104.54902574234
2020-03-09,91221.77185341244,110933.07737667215
2020-03-11,90596.94959404223,110403.27440511828
2020-03-12,82334.54643203161,101154.3526167883
2020-03-13,85840.68259112143,103388.30226262445
2020-03-16,79795.04143140737,96621.59713797904
2020-03-17,78638.79880463955,94587.88196075993
2020-03-18,74355.27492790025,88843.83603514249
2020-03-19,71557.9261411663,85683.5345879837
2020-03-20,75284.92959824561,91070.27669558399
2020-03-23,65215.70598043082,79001.99991721858
2020-03-24,66697.32380894087,81575.11569990005
2020-03-25,70131.84114145949,85986.4428638821
2020-03-26,73298.38907683486,89484.9379064138
2020-03-27,72893.777616896,88477.29790799382
2020-03-30,70557.45455475649,86141.76972480993
2020-03-31,73078.79065907285,89499.9686195165
2020-04-01,70738.37118088303,86307.137026671
2020-04-03,69597.10596963658,84959.37382856398
2020-04-07,75586.19585953484,92237.99074123637
2020-04-08,75964.78548382176,92436.23935557461
2020-04-09,79450.2710019188,95507.2863489099
2020-04-13,78750.15418172053,94586.11095275047
2020-04-15,78835.87812977417,95070.0803116853
2020-04-16,79606.95230670212,95776.84592074563
2020-04-17,81884.80199309647,97623.80044723942
2020-04-20,81049.61457423662,96968.10981249124
2020-04-21,77647.37034148324,94060.09358622743
2020-04-22,79022.70751822312,95917.76984007395
2020-04-23,79888.83917608805,96763.77368828749
2020-04-24,78137.90261499907,94948.93971508542
2020-04-27,79793.85123644893,96963.27277316693
2020-04-28,80720.3821473739,97384.1045605522
2020-04-29,81874.96068737695,98213.15227746256
2020-04-30,84876.01777664907,100981.06169792062
2020-05-04,79811.51533002983,96040.46046852751
2020-05-05,79159.89171769489,95103.32149847121
2020-05-06,79927.14418442709,95676.5271236209
2020-05-07,79420.96537932914,94941.73898466847
2020-05-08,79295.70788888549,95751.37070814116
2020-05-11,79813.66319460381,95859.16172154715
2020-05-12,80074.697830185,95832.57145242521
2020-05-13,81760.33973001987,96969.25093712645
2020-05-14,80197.7789318408,95315.68297658167
2020-05-15,79934.59269740489,95214.56595481822
2020-05-18,76355.24449689583,91987.48688615412
2020-05-19,77285.77948620454,92975.45280479347
2020-05-20,78744.07369520652,94727.3105115281
2020-05-21,79312.56289629615,95259.24672449796
2020-05-22,78728.72040143168,95023.39477895347
2020-05-26,79567.16353705723,95481.19095296315
2020-05-27,81716.20679051016,97388.5950847578
2020-05-28,83119.77251701691,98693.04547589185
2020-05-29,84422.52919786728,100228.8841591952
2020-06-01,86613.63274807074,102133.87331860841
2020-06-02,87830.7782408894,103240.6354348437
2020-06-03,88684.35736656033,104313.19370588241
2020-06-04,88292.01950191899,104264.72659258552
2020-06-05,89827.3313280655,105355.07221622775
2020-06-08,90609.74128253554,105742.18085361189
2020-06-09,89602.2804807065,104752.25928795878
2020-06-10,89660.55994348464,104651.31553199804
2020-06-11,88088.56016098871,102927.25813504442
2020-06-12,88785.71907474061,103507.2593878714
2020-06-15,87057.88646072373,102123.28956717161
2020-06-16,87331.68052917016,102382.58780863107
2020-06-17,87225.15628167622,102315.53011309187
2020-06-18,88883.99749933467,103777.22686286528
2020-06-19,90198.99111903932,105414.72181450698
2020-06-22,91596.35747699322,106766.77989434813
2020-06-23,94117.19846230828,109323.33237078611
2020-06-24,92233.65573332355,107642.92237917088
2020-06-25,92301.6781860331,107855.11846333058
2020-06-26,92967.40440070482,108394.67603224846
2020-06-29,91520.6384675015,107350.71293475584
2020-06-30,91374.82852213681,107163.63065854486
2020-07-01,92175.63182734695,107488.58166024917
2020-07-02,92864.05622702984,108617.54655901261
2020-07-03,93277.25863064168,109554.23361213572
2020-07-06,94916.70588935974,111218.64008397095
2020-07-07,95362.460628564,111783.82486306269
2020-07-08,94793.5335793581,110797.26221955195
2020-07-09,95574.5352348989,111472.24765787109
2020-07-10,94386.65648323402,111195.08681349429
2020-07-13,94395.29827851473,111651.2052924963
2020-07-14,92377.08502702934,110107.37582520778
2020-07-15,92165.24001024853,110540.05715671768
2020-07-16,92981.52732574301,111869.2403057948
2020-07-17,94721.61741790021,113441.61453637709
2020-07-20,96050.34403295555,114658.09145266992
2020-07-21,96739.95231737872,115216.12417416269
2020-07-22,96893.47310278632,114592.73938212717
2020-07-23,97936.16099278617,115527.9755556294
2020-07-24,96849.30550327545,115028.21309458025
2020-07-27,95401.38953759198,114615.85637133854
2020-07-28,97270.99319921336,116655.9048614576
2020-07-29,98042.71475348418,116809.03101013391
2020-07-30,95933.22838146717,116222.73895014884
2020-07-31,96466.0132606719,116480.55522708391
2020-08-03,95040.23693953152,115005.98126715078
2020-08-04,95251.42112799447,116383.3748304666
2020-08-05,95357.47446955557,116738.33602927034
2020-08-06,95911.90517398604,118123.84473502752
2020-08-07,96454.00538247066,119052.1844276335
2020-08-10,97617.25501043187,119875.10850825926
2020-08-11,98730.70965594432,119649.849828582
2020-08-12,98798.65497095477,119529.74595123189
2020-08-13,99617.68108399847,120127.26693150599
2020-08-14,98453.37062222433,118988.64930544041
2020-08-17,99785.54218905751,120213.15032414164
2020-08-18,101073.64470371522,121807.62575351754
2020-08-19,101011.40886065546,122479.87288518209
2020-08-20,101626.5204409885,121935.90274575933
2020-08-21,103226.22927659424,122497.17266231941
2020-08-24,103305.0261027797,123278.58239344214
2020-08-25,103065.13319504105,124888.49552232205
2020-08-26,104169.04637615562,124903.96768027956
2020-08-27,103141.64442044943,124973.78571218898
2020-08-28,102040.88248068685,125496.73874648962
2020-08-31,98591.84472218758,122189.97725720846
2020-09-01,97637.55439010214,123620.73003024136
2020-09-02,98060.51288917604,124604.35046397375
2020-09-03,99070.40470117165,125261.3943397068
2020-09-04,97394.93120593217,123126.03009754368
2020-09-07,97721.7165694077,123141.49570812727
2020-09-08,96155.74691065226,122247.61279531622
2020-09-09,95409.13642958942,122231.21847179755
2020-09-10,95106.94406418467,123887.60289261771
2020-09-11,94170.75008078206,124377.94699546562
2020-09-14,92543.69166284843,124469.39086624671
2020-09-15,92858.14108166778,125289.22426937676
2020-09-16,92618.61956804391,126419.38179742532
2020-09-17,92491.91191891822,125735.51737416521
2020-09-18,93432.12619983657,126309.69823058676
2020-09-21,89842.06246810002,122594.11383897667
2020-09-22,88747.57029923616,121935.92922245902
2020-09-23,86920.03411308909,121409.9586548115
2020-09-24,84756.62961280637,118135.6048146103
2020-09-25,87315.62808517965,121253.63719248223
2020-09-28,88500.776225824,123823.03900017658
2020-09-29,86796.14458212248,123429.28912276113
2020-09-30,86537.52192053448,123724.3004934218
2020-10-01,88237.11682067528,125437.31811053502
2020-10-05,88109.96863613992,126722.14856717987
2020-10-06,87976.64476504063,127491.76961884362
2020-10-07,87640.00465606226,127848.62767644583
2020-10-08,87411.59123465844,128688.69014424826
2020-10-09,87710.4867018012,128520.44865850784
2020-10-12,87622.37421307221,128843.89936054195
2020-10-13,87215.72217377536,128591.48827162376
2020-10-14,86164.98203121526,128592.21189335838
2020-10-15,84722.25333942965,125968.64920334588
2020-10-16,85724.70447398942,126866.00960762944
2020-10-19,87199.87812624405,127712.05238611992
2020-10-20,86914.53062694547,128148.95062281935
2020-10-21,87980.46209857806,127716.71106873066
2020-10-22,89216.88876205983,127557.78313450408
2020-10-23,89955.1968765292,127958.87501963812
2020-10-26,89720.02127413957,126385.18840993367
2020-10-27,91063.75774035866,128714.36200114433
2020-10-28,90628.53170045176,127490.0680536797
2020-10-29,89114.37575108433,127370.36998141391
2020-10-30,89364.96667756811,127472.74390442745
2020-11-02,90192.74298287819,127596.93337362978
2020-11-03,91000.37275644118,128575.3737005946
2020-11-04,91165.86398311767,129864.6098866709
2020-11-05,93330.60786940508,132344.75796182282
2020-11-06,93335.75161854213,132774.06717842192
2020-11-09,94794.563369916,134508.18418261607
2020-11-10,95891.3630718966,134737.90315984303
2020-11-11,97625.05208106364,136858.04952373717
2020-11-12,97683.42875300431,136777.1909817355
2020-11-13,98118.03905260115,137986.78960650213
2020-11-14,99002.88083779853,138609.95426354324
2020-11-17,98517.0787346904,139795.27926149403
2020-11-18,97543.01798272356,140502.21291592252
2020-11-19,97647.41346955657,139006.48251466322
2020-11-20,98219.88166548935,140822.9934424736
2020-11-23,99377.32759051671,142899.1138796035
2020-11-24,99853.5482817078,143818.52461233945
2020-11-25,99737.82060041833,141574.53975604952
2020-11-26,100005.08118807193,142903.21140931972
2020-11-27,99653.28491369585,143031.82415697692
2020-12-01,101098.57162069571,144642.23819393557
2020-12-02,102376.99904291838,146048.51521127147
2020-12-03,103516.1257981418,146866.068684519
2020-12-04,104359.75694250429,148189.19522767712
2020-12-07,105843.49375922038,149293.29392364368
2020-12-08,105466.39242328607,149032.63453322448
2020-12-09,105891.94396369095,149667.6029273931
2020-12-10,106602.12488244666,149634.82448194004
2020-12-11,106257.46717682976,149934.5044560492
2020-12-14,106738.67248141186,150752.92266249526
2020-12-15,106329.02246420714,151295.71220917974
2020-12-16,106743.57912834827,152277.21291806208
2020-12-17,106363.93997297344,152074.66930795377
2020-12-18,106042.67318581665,152325.04524618466
2020-12-21,101851.6540732049,147209.03628434433
2020-12-22,102698.95385824659,150068.873792196
2020-12-23,103241.79054430974,151879.26776473608
2020-12-24,104587.2222285638,152933.46271742988
2020-12-28,105176.76340975595,154535.73119366253
2020-12-29,104616.77044125993,154493.40560905827
2020-12-30,104743.66670690395,155194.36381928535
2020-12-31,104331.67405688565,155061.97045438288
2021-01-01,104364.07236235289,155822.28788695266
2021-01-04,105492.84794856902,157392.32448208815
2021-01-05,104738.47332804013,157912.37671173151
2021-01-06,103284.44342886598,157790.55945430024
2021-01-07,103790.09582253313,158648.71966786627
2021-01-08,105116.68128945674,161283.09520411762
2021-01-11,104753.7271317289,162387.72143361936
2021-01-12,106676.89103752923,162347.77458142908
2021-01-13,106024.22705280801,162643.29098863257
2021-01-14,107268.68464274151,162300.39740896077
2021-01-15,105809.5493413206,160249.8738309831
2021-01-18,107057.84787704336,157667.95679226975
2021-01-19,107832.5656926026,160576.00268990672
2021-01-20,108719.22153812784,162320.08918265023
2021-01-21,110482.66466198734,161111.9008346008
2021-01-22,108822.46561555089,159115.11154753566
2021-01-25,106014.16171326349,158228.72535535585
2021-01-27,104713.10881147251,156332.07466185838
2021-01-28,104100.61544867423,155135.17234765735
2021-01-29,101656.69800100019,152633.16864073862
2021-02-01,103410.61936904702,158388.5180404463
2021-02-02,103748.40585467877,161560.7683071838
2021-02-03,104754.53985382264,163531.53293411652
2021-02-04,104707.1012156205,164998.7765267451
2021-02-05,105298.43856943925,165496.66866588045
2021-02-08,105302.25690974307,168239.07856265342
2021-02-09,104579.93096267074,168170.07235921698
2021-02-10,105166.87036507105,169010.91886363612
2021-02-11,107132.47574517372,169940.3453505424
2021-02-12,106052.05239947757,170749.57929395218
2021-02-15,106676.10192685085,173256.97314918108
2021-02-16,109310.9034172334,174331.3855565309
2021-02-17,110114.6803219717,173943.0024569941
2021-02-18,109920.02718215887,174241.41430085126
2021-02-19,110344.36576232853,171806.32920741904
2021-02-22,107504.59636822145,170022.3602531771
2021-02-23,107928.7135697165,170535.70016701578
2021-02-24,108865.20404820598,172430.20241046516
2021-02-25,110686.71688504926,175045.9172433211
2021-02-26,108788.57932325138,169533.91472686073
2021-03-01,109801.91046428276,172522.2487789674
2021-03-02,109861.8250784692,175698.20181790445
2021-03-03,112530.02736981492,179170.74623091603
2021-03-04,112749.53994581259,178451.14782105738
2021-03-05,112398.48709936277,176237.50960947914
2021-03-08,112273.99079397394,176374.26176127334
2021-03-09,111640.70478210977,177106.1610517036
2021-03-10,112702.24665026536,178212.521680444
2021-03-12,111123.46001690216,176702.33252966788
2021-03-15,110833.96020729971,176089.71104880638
2021-03-16,111794.6794136343,176593.0232461298
2021-03-17,110332.32087315171,173362.897654265
2021-03-18,108506.93396612325,171753.19720835375
2021-03-19,110276.08789133518,173715.39961650147
2021-03-22,111844.0052320734,176830.60989722083
2021-03-23,112203.92915024643,179082.6136167501
2021-03-24,111030.00104733612,175856.73333389955
2021-03-25,108555.13465808152,171949.73808596635
2021-03-26,110376.9311727965,174376.01841631654
2021-03-30,113283.25226753997,178441.97628515298
2021-03-31,113370.94929185441,177783.73058180505
2021-04-01,113898.56422739507,181804.8674334137
2021-04-05,113368.7009897464,180796.04168991515
2021-04-06,114253.84234186356,184118.70374680575
2021-04-07,116333.71029452838,184503.9646528634
2021-04-08,117158.96189091653,185808.7352408053
2021-04-09,117295.01491047494,186667.05142070912
2021-04-12,117392.21941105029,178276.89191056186
2021-04-13,116176.26006394395,180501.55909679024
2021-04-15,115195.51248903005,181407.0070851366
2021-04-16,115975.25936156012,183417.7753456869
2021-04-19,113749.61820774278,180407.48207099762
2021-04-20,114846.60207139235,181038.89338625464
2021-04-22,115272.31267502252,181857.0733696909
2021-04-23,114561.5396048304,181206.42280321431
2021-04-26,115449.65889607671,182891.46622657668
2021-04-27,115521.44789478213,184637.47346944056
2021-04-28,117095.87251589532,186129.6593785185
2021-04-29,116281.09177434452,187360.96761170911
2021-04-30,114751.72318340484,185193.64551000833
2021-05-03,114853.46970463419,188058.76876564295
2021-05-04,113771.74911533605,187139.96418792478
2021-05-05,114710.06883839177,188557.4411184345
2021-05-06,116053.87520100841,190110.51955776606
2021-05-07,115894.18688435711,191221.52722487244
2021-05-10,116868.25547233436,192734.78320112586
2021-05-11,116534.37826463903,192138.31335340036
2021-05-12,115370.74990299353,189952.62962281922
2021-05-14,114660.3931828476,187955.6115794805
2021-05-17,116787.02818484306,191408.83334299302
2021-05-18,119113.35372087182,194647.32772051488
2021-05-19,118679.2470284259,193588.9598113586
2021-05-20,118114.7947351536,192421.28337406783
2021-05-21,120122.96728101542,194569.54168192515
2021-05-24,119975.13791984493,194035.37328922565
2021-05-25,119874.72074725386,194455.02395342983
2021-05-26,120375.4199461497,195998.43739244135
2021-05-27,120838.98098649115,196719.0079236186
2021-05-28,122321.62967442832,196244.05732700689
2021-05-31,122942.8770868525,197995.08937163494
2021-06-01,122671.35159428688,200338.53853696573
2021-06-02,123052.8819780541,203936.84305423684
2021-06-03,123735.46468175467,206140.49107804595
2021-06-04,123304.0293526611,208991.57276959927
2021-06-07,123933.52430721022,208010.54053830367
2021-06-08,124641.70877588932,208634.40605908443
2021-06-09,123779.372484411,206588.43215394556
2021-06-10,123957.09763365147,208748.68270046264
2021-06-11,124203.12485117419,209346.3281162577
2021-06-14,123683.57610152752,206921.66622542188
2021-06-15,124228.67484866906,207874.4621932714
2021-06-16,123455.00797804228,204608.2262642929
2021-06-17,122235.48687183164,201863.44318515918
2021-06-18,122405.47494500842,204245.05271103635
2021-06-21,122570.84159650037,206315.98710080027
2021-06-22,123208.86337630397,206656.5405645009
2021-06-23,123569.49325599069,205142.8567987248
2021-06-24,124014.33425536429,206256.5958696799
2021-06-25,124993.68669744424,207696.44598912098
2021-06-28,123915.70059354039,207805.3026423491
2021-06-29,122567.49257724949,207158.5948122262
2021-06-30,122417.80766859232,206392.18968440595
2021-07-01,122491.64509704447,206005.4838008185
2021-07-02,122600.09390357701,204790.08966253704
2021-07-05,123035.09646410169,204914.0590622788
2021-07-06,123497.15960986933,205288.0776476946
2021-07-07,123793.24927516424,206398.12288942045
2021-07-08,122841.01845328513,205103.44616111627
2021-07-09,122947.41176636652,205607.87814184884
2021-07-12,122845.21206987865,205645.2303417791
2021-07-13,123689.83959476383,206289.4994844699
2021-07-14,123891.81166671283,206501.81128426112
2021-07-15,124057.0482718115,207329.6217808773
2021-07-16,124979.43720422787,206737.41360716405
2021-07-19,123497.99219744929,205218.59404052695
2021-07-20,121161.92150500459,203646.2428318426
2021-07-22,122378.55636223342,207725.92577519667
2021-07-23,122952.56783332335,207645.98546238133
2021-07-26,122395.11977893733,208034.62122430778
2021-07-27,121298.14327380665,207319.77824788186
2021-07-28,121152.60491882618,207201.02671916928
2021-07-29,120589.78095173833,208406.27803468364
2021-07-30,121395.5853189227,208933.67058455353
2021-08-02,122637.79788975605,210762.53336215386
2021-08-03,124423.97602790516,213050.51184725482
2021-08-04,124784.67420589534,212583.75714260142
2021-08-05,125016.5912012748,213008.49448508385
2021-08-06,125905.27218930825,215244.63019923083
2021-08-09,126065.97974875195,214158.89086602404
2021-08-10,126283.72963110358,212896.40247929635
2021-08-11,125985.44790835155,212766.72321457596
2021-08-12,126652.19311068254,214232.2365175454
2021-08-13,126271.741647824,214924.23916620496
2021-08-16,126775.73567662932,215625.54844600946
2021-08-17,126064.09114094973,218130.89681498508
2021-08-18,126141.4690567891,218467.4148435652
2021-08-20,123544.52666500583,216106.46546118523
2021-08-23,122379.84601106377,215530.72387938248
2021-08-24,124027.11468054933,218818.34158641653
2021-08-25,124552.83157548927,219471.55887146993
2021-08-26,124704.44578100272,219375.21075011088
2021-08-27,125779.80416416907,221314.21919681443
2021-08-30,128079.15264178801,223999.00358184587
2021-08-31,129258.60494289061,228687.57209367273
2021-09-01,128711.95301163162,227735.7511497627
2021-09-02,129884.35782931633,229591.0020759453
2021-09-03,130807.9155937906,230240.28938236437
2021-09-06,130855.87050080909,231299.4870956655
2021-09-07,130438.24187171576,229784.79809190292
2021-09-08,130838.04537705137,229794.46921196938
2021-09-09,130569.28304551185,229628.53111732876
2021-09-13,130663.3531886755,229778.24711973808
2021-09-14,132006.6096750606,229827.9434523185
2021-09-15,132850.63779020694,231451.79655877422
2021-09-16,133952.12015132286,231587.6198980519
2021-09-17,133360.5907024199,230281.97718194395
2021-09-20,130821.26633275198,226360.1389234466
2021-09-21,130251.6201833942,229205.98014580764
2021-09-22,131056.24316817334,229637.8015429734
2021-09-23,132042.67203354955,232999.28886931273
2021-09-24,132130.32263210678,231718.92368509487
2021-09-27,134865.99124377704,232256.6269140104
2021-09-28,134417.4703565941,229999.07612283007
2021-09-29,134147.0089927504,230600.6696486794
2021-09-30,132931.2601962533,229456.61349754105
2021-10-01,133474.29138297078,228653.91069784513
2021-10-04,135074.71803668953,232171.83810452034
2021-10-05,135053.12881656096,233098.260032556
2021-10-06,132395.8911311897,229355.99035194606
2021-10-07,134472.4392479199,232668.03967131514
2021-10-08,133879.33963409314,233688.70177694538
2021-10-11,134874.90097897485,233877.32969823637
2021-10-12,136246.8731657984,235033.0686707553
2021-10-13,137517.80053952508,237396.0360947347
2021-10-14,138501.81553135725,240580.50674290094
2021-10-18,138619.29044873847,241014.80809691327
2021-10-19,137585.51778929314,238465.95373780563
2021-10-20,136253.18169053498,236800.31771883773
2021-10-21,135320.2210709005,235332.91487395967
2021-10-22,135672.1248968452,232487.58722465584
2021-10-25,135113.15462598903,231372.91310832463
2021-10-26,136157.72459861066,234209.52465119952
2021-10-27,135999.88194658776,234080.0885449775
2021-10-28,133084.05048529527,226641.59703794637
2021-10-29,134006.2320763459,225792.63135171487
2021-11-01,136112.05136622017,229416.86475190875
2021-11-02,135134.79553094873,229644.2460703397
2021-11-03,135104.57894193268,230604.89417889682
2021-11-04,135826.6716971716,231520.31764799284
2021-11-08,136452.4683955434,235539.07181480204
2021-11-09,136561.77800440922,237120.97704644993
2021-11-10,136024.51813547683,237185.17712976533
2021-11-11,135585.8514647891,236006.94621386658
2021-11-12,135221.5676473708,239429.21204595367
2021-11-15,135496.04425305486,241109.4091697601
2021-11-16,135482.13069741597,239684.25874606366
2021-11-17,134414.54897806438,239994.00979526865
2021-11-18,131967.36690034115,237065.31340981054
2021-11-22,130803.5454589142,233041.80237241244
2021-11-23,131869.8038579021,235274.6190078256
2021-11-24,130652.88774459947,235523.42515167667
2021-11-25,129975.80302274282,236671.70617177477
2021-11-26,128219.14831062025,229022.3697844463
2021-11-29,127239.30354867183,229057.1551043359
2021-11-30,125834.99526062899,228790.08843734424
2021-12-01,126772.5783284718,230899.39010152803
2021-12-02,128104.31273416472,234502.75197605407
2021-12-03,127495.13808115385,231643.53328363868
2021-12-06,125871.5034531038,226484.73380897616
2021-12-07,127579.95749403928,230065.6442213591
2021-12-08,129237.49932311234,234145.9675490222
2021-12-09,129656.50738569495,234587.94716185625
2021-12-10,129625.66663419768,235214.9914297997
2021-12-13,128527.52233467424,233351.63440001727
2021-12-14,128495.62230985629,233056.86681745228
2021-12-15,128072.09243620545,231144.65165125774
2021-12-16,127489.63939344106,231651.3926718418
2021-12-17,125004.0834777218,227310.4007890478
2021-12-20,122253.0073374965,222122.40482260968
2021-12-21,123112.75236943958,225108.23188556102
2021-12-22,124159.65817412277,227743.7436712009
2021-12-23,125049.61096921178,229805.23567125975
2021-12-24,124038.10662444736,229648.0765830185
2021-12-27,124561.41512103603,231404.9312406447
2021-12-28,125552.6005577264,233476.60858858874
2021-12-29,126132.82429569338,233012.52587268845
2021-12-30,125942.74085759129,232680.40637489874
2021-12-31,127823.25812130565,235042.75057050618
2022-01-03,129892.45138665027,237314.82261994
2022-01-04,130090.55042431722,238807.11455417261
2022-01-05,131710.2954518355,240157.08635112637
2022-01-06,131101.310611873,238638.92866419526
2022-01-07,131664.9125926894,239219.03107751135
2022-01-10,132644.45460034406,241640.4744677281
2022-01-11,131801.2296396348,244203.92697072285
2022-01-12,132633.63385512,245197.28434707227
2022-01-13,133335.02688839246,246530.603075967
2022-01-14,133059.10960445623,246652.5447792344
2022-01-17,133874.61401296663,247309.64514914056
2022-01-18,131842.9511497822,243084.00177502015
2022-01-19,130897.63603626264,241498.0384077153
2022-01-20,130306.87156767356,240864.37483889677
2022-01-21,129357.91547094675,237904.20881667407
2022-01-24,126153.3717978395,229042.10786057689
2022-01-25,128283.88245053116,230703.0195855058
2022-01-27,128067.02383649167,226786.97405201817
2022-01-28,127967.3761431327,227260.4519358278
2022-01-31,129260.76683788223,230465.88282503263
2022-02-01,131251.4290855948,234195.46678664553
2022-02-02,133112.91320039477,237350.89364533182
2022-02-03,132090.66096424573,234642.48629857344
2022-02-04,131421.54799170187,234319.2854705553
2022-02-07,128885.16006239495,230542.17905238405
2022-02-08,129568.61344343424,230757.13281147907
2022-02-09,131171.54162029165,234633.51642807166
2022-02-10,131972.96019986435,236092.91159011013
2022-02-11,130623.36079972437,232900.14078091134
2022-02-14,126570.03745248787,225192.46507899996
2022-02-15,130571.25155146532,232685.3767843287
2022-02-16,130646.13505852305,232107.74956108647
2022-02-17,130839.34580439726,231840.19660760224
2022-02-18,130359.3364013812,231205.73120051442
2022-02-21,129370.15072892321,228736.15719380384
2022-02-22,128376.29248980746,227616.4150661469
2022-02-23,128422.34991561678,228099.0487909071
2022-02-24,121769.69509395397,215873.80053369424
2022-02-25,125410.90960345964,222999.18161312316
2022-02-28,126318.51540366505,226186.4080573667
2022-03-02,125928.62444980603,225358.45790371564
2022-03-03,124793.06519541302,224480.0765660521
2022-03-04,123199.83679306673,220594.0247473515
2022-03-07,119875.3322997667,216030.77606041238
2022-03-08,121146.87519450056,218560.3640845857
2022-03-09,123392.14843525818,222971.7561054073
2022-03-10,125605.84509844167,227654.01847798476
2022-03-11,126050.60281623379,228424.82945213266
2022-03-14,127027.366365607,230071.60615655678
2022-03-15,125801.37757253685,227162.0721155392
2022-03-16,128336.52503789458,231888.120409199
2022-03-17,130855.42920482965,236782.9828886742
2022-03-21,128458.79497600438,234194.28590946816
2022-03-22,129491.77375306531,236445.60742999247
2022-03-23,128961.75148202809,235600.79785457734
2022-03-24,128977.14224358776,236460.93617131395
2022-03-25,128674.74077992595,236308.0574411012
2022-03-28,128950.56738230822,237967.66062386302
2022-03-29,129802.30212536077,238950.8382147159
2022-03-30,131498.9934462067,241682.52336662804
2022-03-31,131482.69048426652,241997.50315303428
2022-04-01,133093.70240132284,244430.89890397256
2022-04-04,135396.5818269102,247382.59312021057
2022-04-05,135395.06981944598,249459.09421339736
2022-04-06,134717.38854495343,249339.6180812546
2022-04-07,134463.83474011003,246525.2346574447
2022-04-08,136171.27998887943,250035.98498100677
2022-04-11,135705.25797467452,249688.78117774957
2022-04-12,134505.6360484887,247852.3512773327
2022-04-13,134136.2348289984,247770.6225552537
2022-04-18,132848.24226521727,246626.41252992602
2022-04-19,130710.44406228364,242960.6374919142
2022-04-20,132160.21212250527,244794.0498791692
2022-04-21,134455.41301162448,249656.67924567815
2022-04-22,132757.57051018652,247118.45627649015
2022-04-25,130694.17943379388,243774.51023602067
2022-04-26,132543.89802533964,249526.95007172073
2022-04-27,130987.31668617247,245243.44869024403
2022-04-28,132743.70579168433,248466.27880771144
2022-04-29,132020.27191315,245573.3072909449
2022-05-02,131123.22242881992,244719.04904310126
2022-05-04,127997.37435837214,238233.0019904576
2022-05-05,128168.04671483801,237944.2126888016
2022-05-06,126141.51674317768,234725.40350334597
2022-05-09,125500.9406509088,232226.5783759735
2022-05-10,125782.47260151962,228176.84796617058
2022-05-11,124753.57362864864,227284.51454450726
2022-05-12,122294.7507413819,221697.2394566093
2022-05-13,122277.06745533855,221527.48442941828
2022-05-16,122945.81851902665,223429.902249217
2022-05-17,126037.32694395192,230067.30792961246
2022-05-18,125710.87313291176,229658.04208455564
2022-05-19,122365.52239535986,222918.29916675866
2022-05-20,125410.63120226932,230067.10660756976
2022-05-23,126140.48365768613,227943.72832796993
2022-05-24,124909.58199756948,226069.94526767085
2022-05-25,123685.67619036173,222147.44073239018
2022-05-26,125245.82316891223,223470.890622425
2022-05-27,127093.03870107302,226289.76202433594
2022-05-30,129158.32137374785,231679.99168843153
2022-05-31,129385.88538506805,232284.3269443681
2022-06-01,128315.09394893698,230285.4232188212
2022-06-02,128925.01857651613,232472.01567452023
2022-06-03,127569.32455712669,230812.20136910377
2022-06-06,127289.78416468143,231389.62953686045
2022-06-07,125907.94463558857,229499.5975586068
2022-06-08,126147.78850755513,228301.7200534697
2022-06-09,126527.32480103015,230120.27440071193
2022-06-10,125488.81080804401,228118.45139644374
2022-06-13,121990.07825469792,220573.51721553452
2022-06-14,121751.22880713634,223087.9899248277
2022-06-15,122141.89449597192,223148.4528148715
2022-06-16,119172.51199325836,216854.7656218559
2022-06-17,117837.12251440539,215380.85503219863
2022-06-20,117954.68956457113,215529.57612129932
2022-06-21,120462.60896670795,220680.67239151528
2022-06-22,118362.44248176026,216118.24134852228
2022-06-23,119828.31875577205,218643.79945840943
2022-06-24,120865.28781076301,221372.5479866866
2022-06-27,122143.14493622434,223291.84913211627
2022-06-28,122472.05165324277,224249.11658527295
2022-06-29,121703.72777814243,223730.2506007299
2022-06-30,120863.10145495413,222058.71460669342
2022-07-01,121940.1906262555,224138.7634969806
2022-07-04,122364.11196370474,225842.05391803963
2022-07-05,122295.69220671267,225455.5138685435
2022-07-06,123997.87956031063,228790.8323405528
2022-07-07,125722.16780308748,230455.9859402894
2022-07-08,126281.50099701819,231879.1332622506
2022-07-11,126118.69527894318,233776.62662263116
2022-07-12,124804.3859559032,231867.5506963554
2022-07-13,124671.21663643928,231630.44290555702
2022-07-14,124327.99799823549,232050.31457429315
2022-07-15,124874.13154458202,233933.24427883019
2022-07-18,127230.1312572979,236930.6531499507
2022-07-19,127676.0813180419,238088.89860068602
2022-07-20,128861.87232993735,239702.2970536695
2022-07-21,130259.30205694053,242413.6452315626
2022-07-22,130918.84827737874,243209.70389269668
2022-07-25,130642.03634264159,243771.4943844601
2022-07-26,129979.5418816254,242598.36029148026
2022-07-27,131553.31472223977,244286.88577317348
2022-07-28,134358.7999022606,248024.934913525
2022-07-29,136844.1739768152,251137.94065463656
2022-08-01,138286.80467795685,255160.54003430542
2022-08-02,138496.5554510355,256245.89869136404
2022-08-03,138646.2121066694,257162.4480800259
2022-08-04,139089.27612958438,257911.55085822343
2022-08-05,139311.2488880055,257385.2073326043
2022-08-08,139737.06804305935,260438.23172500197
2022-08-10,139840.35043684315,261333.23294859222
2022-08-11,140514.9278572625,262384.76553337555
2022-08-12,141048.9176748816,263497.25270698173
2022-08-16,141953.70504493642,267804.58791403443
2022-08-17,143722.86251458293,270652.65974887804
2022-08-18,143237.15836136698,273922.15438604954
2022-08-19,141618.87623911313,270867.3073484284
2022-08-22,138802.5141651745,265333.3959307582
2022-08-23,139284.64387400626,266510.44806412933
2022-08-24,139558.49698346437,269275.361118488
2022-08-25,139266.1780896892,266900.0567271427
2022-08-26,139715.2798691601,269855.73981185025
2022-08-29,136632.84253359382,267664.1758219347
2022-08-30,139578.19609062467,273575.42923049483
2022-09-01,137138.9063480899,273078.01508116553
2022-09-02,135962.1762580496,275408.4005177644
2022-09-05,137157.74790874738,276194.1875744664
2022-09-06,137286.8415607087,278248.8686273398
2022-09-07,137323.15339067802,279577.1838479528
2022-09-08,138070.97635519403,280738.2428584557
2022-09-09,139649.71179391918,280557.28047311
2022-09-12,141317.8598873013,282286.92820092937
2022-09-13,141350.33212883695,286339.6679986648
2022-09-14,138618.95657952363,285926.44720551575
2022-09-15,136242.0726931584,288500.3894598581
2022-09-16,132123.07598005456,283387.6149413467
2022-09-19,132300.2869846368,286102.5988350996
2022-09-20,133630.4681215961,290416.622534199
2022-09-21,132333.70500654477,284807.35702355346
2022-09-22,131162.74293816386,286450.81773795484
2022-09-23,130139.41245802351,281675.05139023246
2022-09-26,129196.5282147469,276137.4654140203
2022-09-27,130232.39321338273,275446.3945562596
2022-09-28,129800.17311883952,274397.66793510533
2022-09-29,130139.22907538121,272409.06505433767
2022-09-30,130866.18508305031,274563.62002105673
2022-10-03,131199.42966575088,265212.6968247678
2022-10-04,133630.1811149259,271158.2605905942
2022-10-06,134259.16499418608,273170.35986041167
2022-10-07,133924.76130654928,272768.7084148599
2022-10-10,134302.996835958,271081.8130725461
2022-10-11,131767.67312200236,268594.9319840578
2022-10-12,133389.46044858557,269096.76611592487
2022-10-13,132329.2142367031,268101.7559584595
2022-10-14,132481.68636663858,268324.0671928711
2022-10-17,132936.08592767513,269267.06154416606
2022-10-18,134066.96645292218,273280.4596024887
2022-10-19,133828.01613759587,272668.42686519586
2022-10-20,135436.7712951249,275475.86888849305
2022-10-21,135448.81685403036,274373.12580939557
2022-10-24,136255.15426846265,275714.4068236251
2022-10-25,136212.2267364885,275184.99210512475
2022-10-27,136975.99043047745,277066.0034255066
2022-10-28,137598.24488828654,277320.7726387742
2022-10-31,138297.3916566614,280230.66810072534
2022-11-01,139500.7698518809,287411.8359553525
2022-11-02,139417.81433531296,286309.34564589884
2022-11-03,138860.1513776922,286338.0943678569
2022-11-04,138773.94529779995,292766.76277807885
2022-11-07,139591.4079841999,296524.8776930157
2022-11-09,139182.63511136646,296582.6751404742
2022-11-10,138710.98731755247,294336.5062110031
2022-11-11,141166.06889345194,296582.181285399
2022-11-14,140641.54153675857,296976.4845726658
2022-11-15,141111.3227123892,298600.0882135542
2022-11-16,140688.21297875376,295388.18161543686
2022-11-17,141218.11162150482,296000.7684174812
2022-11-18,140134.65905916903,295163.55016808305
2022-11-21,139898.61037859748,293513.422685467
2022-11-22,140700.64490749466,295492.3948645227
2022-11-23,140563.36707980753,292983.8580878074
2022-11-24,142989.76735395315,295818.90299934644
2022-11-25,143601.85842359805,295596.4206982292
2022-11-28,145663.0232071105,295593.363949925
2022-11-29,145725.89732349972,296205.93556243676
2022-11-30,148364.18671239322,299016.45558876736
2022-12-01,147676.5978580449,299667.10872769024
2022-12-02,146417.78395839047,299023.5497220979
2022-12-05,146437.0836426292,299477.6489515523
2022-12-06,146227.85593016428,301183.1264381376
2022-12-07,146310.4566659514,299194.5923281856
2022-12-08,146277.7767645279,299969.6045786017
2022-12-09,145481.54414269052,298091.47156286036
2022-12-12,145571.0972879053,298495.40396445565
2022-12-13,145886.45546682167,300434.5023070435
2022-12-14,146126.20457992615,301205.0359433711
2022-12-15,145704.11920618493,298589.8744034184
2022-12-16,143432.09965041917,294817.7153359392
2022-12-19,145066.58839009533,299074.45245427423
2022-12-20,144668.8867429806,300397.0656536524
2022-12-21,143912.76504351545,292916.728728183
2022-12-22,143592.13012882057,291065.06981852924
2022-12-23,140832.82801231652,281831.58201762964
2022-12-26,141768.90038826803,285664.8990214877
2022-12-27,143393.86594829647,288376.0440819671
2022-12-28,143824.95814460382,288976.2883972939
2022-12-29,144508.80712864135,289656.75517252955
2022-12-30,144344.32629255534,290403.53681567835
2023-01-02,143868.7948739934,290561.44702054973
2023-01-03,144262.07741860417,290925.7115431359
2023-01-04,143216.23456421413,288581.1768601339
2023-01-05,141504.0929024622,288158.6754350477
2023-01-06,139879.73568123786,286107.7473531584
2023-01-09,140660.15758681818,288837.5401141629
2023-01-10,139472.18357871866,282843.05433731957
2023-01-11,138648.88583139106,281801.69245398545
2023-01-12,138376.62779988893,282063.82051457214
2023-01-13,138771.50187222633,284639.63155487383
2023-01-16,138823.3113335198,281918.37443285267
2023-01-17,139330.27352093905,283466.4014119206
2023-01-18,139930.94196889916,283606.91976473725
2023-01-19,138759.02673644316,279716.29373275937
2023-01-20,137696.94020129653,277838.9882035293
2023-01-23,138329.06195502426,278130.2948547346
2023-01-24,138882.5716998597,277886.39236715296
2023-01-25,137279.62384661965,274826.70722038305
2023-01-27,135140.62660546153,257883.16558110513
2023-01-30,136088.63431360625,261357.1132011579
2023-01-31,136054.97973251142,263485.1105842435
2023-02-01,134609.4778936983,242726.17064046967
2023-02-02,131954.03445880863,229199.32124396437
2023-02-03,134416.21540759449,232338.847455063
2023-02-06,134681.32373646135,231673.89148020913
2023-02-07,135635.09949691745,236343.2486797102
2023-02-08,138299.69974517368,246772.37254422964
2023-02-09,138205.959786528,242341.69160486522
2023-02-10,137795.73612402915,239953.75731343537
2023-02-13,136436.78108318755,235830.92814622796
2023-02-14,136728.14768032235,237387.47566487413
2023-02-15,138693.8338486546,239842.70633806134
2023-02-16,139435.45769394128,241206.9505629543
2023-02-17,138367.5092843727,238377.98052501288
2023-02-20,137160.4849276553,235233.89194440952
2023-02-21,136501.94742243114,233418.80882968297
2023-02-22,133998.85120831904,226931.6931221099
2023-02-23,133456.98489731195,225898.36107255353
2023-02-24,133171.43259430566,223906.6594657069
2023-02-27,132446.92388401076,219942.39842652052
2023-02-28,132721.70798247607,222808.96487848138
2023-03-01,134497.79836588242,229049.57825349132
2023-03-02,134023.87103759314,229023.08041185138
2023-03-03,136740.08215576693,237426.3831319977
2023-03-06,137816.26291663985,240864.08475620713
2023-03-08,138562.4452907176,242560.76539032924
2023-03-09,137235.8467792165,239111.53918904593
2023-03-10,136104.07936682465,236763.43530474458
2023-03-13,133854.14657834408,234071.78145817516
2023-03-14,132910.9992209559,229676.8068891494
2023-03-15,132898.3425044041,231961.25920177466
2023-03-16,133065.49347848268,232565.94208872615
2023-03-17,133876.88439914896,234718.39160199818
2023-03-20,132533.8785580502,231402.85687848018
2023-03-21,133347.55568086344,232346.69539221292
2023-03-22,133791.15818020987,232747.4334986013
2023-03-23,133672.854120528,231950.96461958866
2023-03-24,132080.56588811715,228818.75918856837
2023-03-27,132174.08003230253,228647.37833152432
2023-03-28,131183.86482790712,224719.68054894585
2023-03-29,133236.96060590973,230284.5642718359
2023-03-31,134676.61822176166,232818.27115013907
2023-04-03,135292.96286004962,232524.03795807023
2023-04-05,135708.79497290569,233193.6073542287
2023-04-06,136314.8792617967,234775.10282908546
2023-04-10,136582.93406097498,236366.4484506526
2023-04-11,137484.15304799055,237491.41298904372
2023-04-12,138197.91695804792,239312.88325014393
2023-04-13,138651.18479371213,239982.27382081884
2023-04-17,138930.53300458041,239833.47691620968
2023-04-18,138949.57280653517,238944.9403778914
2023-04-19,138434.45292206525,238234.34242797928
2023-04-20,138453.55205471462,238225.65134964022
2023-04-21,137889.0828367486,237004.03123299024
2023-04-24,139124.45774784827,238425.95580504785
2023-04-25,139686.52468532659,240058.61475117801
2023-04-26,140070.31788449918,240554.23704750286
2023-04-27,140704.32970496244,241873.48719546624
2023-04-28,142086.87542417843,245126.40915625315
2023-05-02,142817.50071965388,246342.08925229247
2023-05-03,141987.88224980197,243718.41994639483
2023-05-04,143459.819687061,246993.9646705661
2023-05-05,142778.75127978815,246897.67166461158
2023-05-08,144458.34781578695,248174.3016437621
2023-05-09,144620.3788271772,248309.22793474328
2023-05-10,145058.76531815113,248801.41035620702
2023-05-11,145591.87196625053,250999.73497417758
2023-05-12,145791.47503600694,250226.01916557012
2023-05-15,146290.51376995482,249980.77574746756
2023-05-16,145808.2298948749,248779.2941046436
2023-05-17,144969.65965356777,247854.2181225826
2023-05-18,144354.4871861922,246616.21231949283
2023-05-19,145388.8047963533,248634.94758150514
2023-05-22,147978.05952390883,258777.76950295942
2023-05-23,149169.93814634075,266080.5106116742
2023-05-24,148739.69140801392,262413.55381650786
2023-05-25,148873.84530773462,264615.8441318427
2023-05-26,150692.42055848497,266628.9469069565
2023-05-29,151864.5234151585,267501.2061868342
2023-05-30,151474.2565486997,266839.45408651605
2023-05-31,151037.4588485608,266715.11187726096
2023-06-01,151102.22085558137,266816.055577122
2023-06-02,151947.71814334497,267139.4891725759
2023-06-05,153056.62187242223,267242.6268380549
2023-06-06,152330.2896072117,267511.3799383313
2023-06-07,153828.28751194692,269662.02819229924
2023-06-08,153243.63229159568,267992.1820582034
2023-06-09,152476.60021612723,267808.2053486053
2023-06-12,153239.85143429204,269375.8324321657
2023-06-13,154359.5660250202,270779.58172767644
2023-06-14,154905.22309494132,271639.29766693007
2023-06-15,155218.302530901,272385.432554994
2023-06-16,155784.94902215237,274425.74012072006
2023-06-19,155250.964335114,271567.1116648121
2023-06-20,155523.42546586253,272815.659248681
2023-06-21,155063.50855761097,272828.20819358877
2023-06-22,154369.55178757053,271120.6324534154
2023-06-23,152454.00661803668,266153.5595836698
2023-06-26,152967.884972445,268578.21312166925
2023-06-27,153754.92470638076,269401.7187715479
2023-06-28,155391.77165580567,273759.56143829605
2023-06-30,158903.99941200152,275474.57435879885
2023-07-03,157985.64086158745,275945.9650373578
2023-07-04,159043.84167630214,277370.24304160464
2023-07-05,158768.37199277713,278615.0622156603
2023-07-06,159294.45112232535,280066.3373370927
2023-07-07,158391.4612335852,276951.4545284576
2023-07-10,158079.49588227758,276956.11779849685
2023-07-11,158459.87525511516,278684.89175022155
2023-07-12,157681.681242352,277743.18213555083
2023-07-13,161515.99279905861,276846.41974146536
2023-07-14,167835.51956922756,279001.79376550514
2023-07-17,167685.81299595127,280576.9688294742
2023-07-18,169776.7980034562,280590.0057496276
2023-07-19,169746.44894565837,281771.3034405904
2023-07-20,166817.46781954766,282797.2366196681
2023-07-21,153248.80661764115,280725.8700127753
2023-07-24,153824.21574336686,280553.62205936696
2023-07-25,153594.06116202055,282051.7111904135
2023-07-26,155234.04292012504,282585.47593671357
2023-07-27,155728.9349738744,280505.15811422776
2023-07-28,154273.06781190698,282229.39175175305
2023-07-31,156022.3907561584,284268.2819609725
2023-08-01,157115.69681332813,283281.5494139313
2023-08-02,156154.73682001,280873.0340288985
2023-08-03,157012.1446338572,280715.7518285854
2023-08-04,158153.20401060366,281996.6528132427
2023-08-07,158153.20401060366,283168.79494179756
2023-08-08,158153.20401060366,281580.48749149585
2023-08-09,158153.20401060366,283921.1232712794
2023-08-10,158153.20401060366,284940.9258039758
2023-08-11,158153.20401060366,283445.13292749797
2023-08-14,158153.20401060366,281216.67742533097
2023-08-16,158153.20401060366,281570.9128281714
2023-08-17,158153.20401060366,282130.4976386473
2023-08-18,157678.74439857184,283504.4598145478
2023-08-21,158540.00015303533,286800.96693642816
2023-08-22,158787.65470487138,288495.5719167813
2023-08-23,160314.21158429366,285160.92707799916
2023-08-24,160395.26709083255,285024.78340156056
2023-08-25,160206.1329844212,282360.72198205855
2023-08-28,161241.85294756718,282274.212922589
2023-08-29,160588.891272884,284115.60771622526
2023-08-30,159370.84659586026,284646.9493392923
2023-08-31,157958.55651360325,281255.37764478225
2023-09-01,158431.58436945092,284507.126761331
2023-09-04,158422.86147367308,286148.0877403107
2023-09-05,158483.69249169124,287705.2367419493
2023-09-06,159496.79205573353,288289.0409003074
2023-09-07,159991.40206209567,289680.0865782643
2023-09-08,160584.90276489552,290683.80797743035
2023-09-11,161727.58124642467,295044.4686069442
2023-09-12,160996.50231338502,292104.301892952
2023-09-13,162019.349675867,292784.617308428
2023-09-14,162429.72974920034,293520.9913976289
2023-09-15,161915.4731802417,294887.66968043405
2023-09-18,162387.89856761706,294309.79604791605
2023-09-20,160009.30772635265,291826.7179034607
2023-09-21,159742.78808867143,290624.02487051504
2023-09-22,159026.62299038674,289822.8815908982
2023-09-25,159249.3592923468,291472.19198785065
2023-09-26,159918.22199174567,290704.3912453471
2023-09-27,159846.46341574358,291545.65733037
2023-09-28,157495.27978937898,288156.28308033553
2023-09-29,157991.23280148848,288626.9288937928
2023-10-03,156572.46331139017,286999.8666350671
2023-10-04,157879.21744914082,286727.0607719065
2023-10-05,158870.9927207206,287681.85861545725
2023-10-06,158908.33276619352,289961.24576549313
2023-10-09,157466.74923372248,287660.37948128814
2023-10-10,158467.04371262577,290870.4048992746
2023-10-11,159771.26869328742,292208.4722440308
2023-10-12,160310.73586171833,291994.84555155644
2023-10-13,160085.93919783714,291011.01192136283
2023-10-16,159261.44929353436,290596.40210564533
2023-10-17,160375.2868060976,291506.74171679525
2023-10-18,158947.68319004518,289586.90578460076
2023-10-19,158714.90800234769,289597.02729658916
2023-10-20,157681.1347087571,288193.379599544
2023-10-23,156001.6114866567,283015.37678840634
2023-10-25,155277.6987554572,280300.1207885963
2023-10-26,153138.88100333617,275992.3567390693
2023-10-27,153940.634631931,280284.55541725905
2023-10-30,155166.15974123502,281650.0199767549
2023-10-31,154964.53437121128,281855.28179859655
2023-11-01,154429.7738540164,279185.1097543374
2023-11-02,155829.7356462459,280994.2429208093
2023-11-03,157366.78219968954,282758.2025390843
2023-11-06,158518.2973126716,285463.28172449884
2023-11-07,158578.20239836394,286629.9232404815
2023-11-08,159485.03366786122,287980.45569420885
2023-11-09,158598.82808330754,286955.0079342812
2023-11-10,158941.40682274688,287117.208489281
2023-11-13,159134.26201361217,288209.1946796623
2023-11-15,161051.80229853035,290830.11279035005
2023-11-16,161187.09853311977,291890.2589237279
2023-11-17,160873.82822226066,292558.2174051275
2023-11-20,160329.65875691775,290935.2998996072
2023-11-21,161295.1562786031,292893.477438985
2023-11-22,160955.20966453763,292997.50179524487
2023-11-23,161177.03818421206,292868.266076817
2023-11-24,161422.47186373573,293309.9464697435
2023-11-28,162790.24908770763,299726.0749445182
2023-11-29,164104.91712498467,300873.0447032003
2023-11-30,164051.05979905243,302139.6356081281
2023-12-01,165530.63536960774,303678.4708676301
2023-12-04,169352.9547827281,311305.4928014305
2023-12-05,172485.7879521791,323341.22737778
2023-12-06,173249.36045475135,322096.6722577746
2023-12-07,172694.91596014216,322001.4232119755
2023-12-08,172874.37464768626,320781.0786157475
2023-12-11,173186.1540217788,322103.44970583054
2023-12-12,172766.18451121732,321641.899266526
2023-12-13,172902.5965158091,323187.6607259462
2023-12-14,175118.9361137142,326300.2200117604
2023-12-15,176629.47069673578,331426.1673631064
2023-12-18,176860.45141671115,330682.83255717845
2023-12-19,177283.06733235792,330635.84389294276
2023-12-20,175690.1800351422,322263.7300593315
2023-12-21,176448.9737266978,323378.9920386704
2023-12-22,176516.94041390414,325818.6544389316
2023-12-26,176572.78629114508,328422.0558003149
2023-12-27,177482.1112636526,330728.7639579169
2023-12-28,178472.71353910194,332106.4603610768
2023-12-29,178159.9754690449,332947.61802104686
2024-01-01,177457.26414134188,334597.63492128457
2024-01-02,180642.20798656964,334524.56198105676
2024-01-03,179542.07103368087,334936.09381806006
2024-01-04,187340.26569948925,336615.3613465498
2024-01-05,187476.42667852616,337188.2189747108
2024-01-08,188080.56787061403,334225.34127856925
2024-01-09,187824.07683968192,336707.4882826004
2024-01-10,186732.4631365743,339332.22591330705
2024-01-11,186469.8798246758,339451.31896444334
2024-01-12,186258.36063132068,342538.95905028936
2024-01-15,181807.96439099382,343655.9385729462
2024-01-16,181288.90505378135,341981.69326554827
2024-01-17,178911.15981956795,337192.381629819
2024-01-18,176112.89208559916,335129.42718158924
2024-01-19,177769.67632242417,338390.9285167565
2024-01-23,173179.09903854723,333522.4434573873
2024-01-24,173764.1287855954,337447.7569383733
2024-01-25,173122.43875697118,336132.91436201165
2024-01-29,174583.71096322458,344147.93843303237
2024-01-30,170954.0537901892,341060.6912564734
2024-01-31,172837.51977977887,344967.26189007866
2024-02-01,175422.4211211709,344485.17633842607
2024-02-02,175597.13344873922,347938.5798593484
2024-02-05,170479.90835488084,346766.59197239805
2024-02-06,174335.25243544695,349873.1183273723
2024-02-07,176196.4518792766,354562.6002763802
2024-02-08,172820.5391226629,352806.3890665376
2024-02-09,172850.33692499652,354190.86101865536
2024-02-12,171363.54554347566,351943.2382833036
2024-02-13,172711.99451953557,353646.64138843544
2024-02-14,172898.86735133998,356213.0371277753
2024-02-15,173248.4488189549,357182.01777767955
2024-02-16,173994.99828688285,360272.233768872
2024-02-19,174372.91378192417,362272.00252644886
2024-02-20,175602.92779039952,361804.1111350026
2024-02-21,174191.60682691957,359012.1385236901
2024-02-22,174310.54259070006,362655.5932539945
2024-02-23,174144.53812541233,362519.639319604
2024-02-26,172391.96784944425,362278.94476036227
2024-02-27,172138.6081048064,363013.4915596704
2024-02-28,170744.1915123033,357270.6903895094
2024-02-29,170915.3313068639,359026.4795623744
2024-03-01,172837.09034424115,363223.40873104543
2024-03-04,173871.9490928034,364138.13446561876
2024-03-05,171468.98333035185,362585.38501129515
2024-03-06,172425.87802142807,362063.9465142484
2024-03-07,174177.45932810486,363529.79117561836
2024-03-11,173455.65174345585,362500.9419949926
2024-03-12,173405.43753289263,359177.8524584011
2024-03-13,173162.09330887123,348047.6614285632
2024-03-14,173656.23429177862,355678.9849500556
2024-03-15,174137.95398815474,355271.5287999312
2024-03-18,173632.330957093,355410.2271930786
2024-03-19,173063.69203778237,349928.93284853006
2024-03-20,173242.00878940642,350470.1513992225
2024-03-21,174594.0306863958,353642.49778475985
2024-03-22,175563.70854074828,355944.38649477647
2024-03-26,175392.3221916394,355239.8018512828
2024-03-27,176318.2554060234,355566.84551670926
2024-03-28,178710.16200871544,361053.3263402958
2024-04-01,179306.73138742565,363607.2418150195
2024-04-02,179191.22151951757,364554.0739861884
2024-04-03,178294.71187473048,363427.83175562415
2024-04-04,179408.41514277307,363674.2855167545
2024-04-05,180404.46075860318,362846.2317147403
2024-04-08,180957.40074188108,364410.83531113557
2024-04-09,180498.04440891842,363395.17029147816
2024-04-10,181182.06160786265,366532.46106586524
2024-04-12,179739.3954078313,363138.15982657543
2024-04-15,177625.85631267386,358519.38167574466
2024-04-16,176171.33188671115,356171.0610368955
2024-04-18,174413.04786302694,352378.0823278704
2024-04-19,175848.0788146988,354322.1000733529
2024-04-22,177339.2573025567,357987.3727776909
2024-04-23,177619.86051236285,358298.0464122935
2024-04-24,177780.6220195788,358854.64153410867
2024-04-25,177690.22885684995,363695.1875932232
2024-04-26,176038.12732153828,360700.30640524026
2024-04-29,177313.3407075592,361513.5357837162
2024-04-30,177429.92128891204,361577.1038839224
2024-05-02,177256.25286844594,363862.0412608724
2024-05-03,176000.16146249458,360868.8878828744
2024-05-06,177747.7459215883,356999.1997350441
2024-05-07,179045.6409768958,354226.4929365502
2024-05-08,177653.3058939856,354938.82961047534
2024-05-09,174379.2016488211,347849.1072205918
2024-05-10,175497.84476620448,350961.4978598096
2024-05-13,176474.22706416558,353692.6726921788
2024-05-14,176889.32349595623,359283.537950885
2024-05-15,175940.72942288127,359767.20858209085
2024-05-16,178079.67544042305,362485.55012628477
2024-05-17,178038.23428379247,363702.3453889058
2024-05-21,178302.40966698132,367453.59814722696
2024-05-22,179231.80588045088,368583.26573115314
2024-05-23,181304.37091884503,377852.3795363623
2024-05-24,180562.55953581276,376958.96782646334
2024-05-27,180488.8412751798,373863.1234814859
2024-05-28,180969.29271059588,372123.0829161909
2024-05-29,179131.66633037507,371372.84502380167
2024-05-30,175857.58810261308,365427.6185826846
2024-05-31,175614.9470556521,370344.4438594794
2024-06-03,177880.8429262292,384243.6747760106
2024-06-04,174812.98209292945,352688.6692676313
2024-06-05,180848.0844763412,367906.3574111249
2024-06-06,182542.42777439486,371606.7849246684
2024-06-07,186262.88606329384,378651.24292863306
2024-06-10,185509.7272992337,379021.6750838913
2024-06-11,185357.1739279793,379308.7228279135
2024-06-12,185539.97522925396,381080.46290921787
2024-06-13,186931.62200507545,382501.7683204298
2024-06-14,186932.86248588303,385697.5296512843
2024-06-18,187774.0086171537,388668.1758338104
2024-06-19,186756.82572689783,385184.9920983758
2024-06-20,186662.44238746993,385169.538163886
2024-06-21,186281.61087346723,382424.05141595023
2024-06-24,186503.93649816807,384168.47895936976
2024-06-25,187236.01269298774,383854.1826953541
2024-06-26,186762.15941569675,384168.91845920257
2024-06-27,188828.07717885837,386575.21885042725
2024-06-28,189397.87355638907,387776.2382553447
2024-07-01,190336.22192748878,389326.2804681177
2024-07-02,190079.4923163461,388183.40498100815
2024-07-03,191439.72984279293,390750.51029651146
2024-07-04,192100.2174731191,390487.83091126656
2024-07-05,192441.43382100557,392453.2163978919
2024-07-08,192334.6760766401,390897.994632861
2024-07-09,192798.1544015619,392291.8683184206
2024-07-10,193236.77673217264,391123.0270108583
2024-07-11,193377.498767267,390875.6247340897
2024-07-12,196189.23335691437,392888.69232281594
2024-07-15,196788.2267845298,395233.40806418774
2024-07-16,197897.98571742122,396233.80591695465
2024-07-18,200478.64936105645,395606.67702073266
2024-07-19,199313.8392039214,388172.90796933457
2024-07-22,198670.09383244815,388615.7750411057
2024-07-23,202225.60436290345,389581.74296079663
2024-07-24,199861.5517685124,388535.77588218154
2024-07-25,198234.6610797374,388655.1097847672
2024-07-26,202652.1324378241,397770.1904234069
2024-07-29,202849.39367604052,398752.0377426767
2024-07-30,205789.35820505585,400634.4906259465
2024-07-31,206529.87079162552,404527.2856078329
2024-08-01,206630.2661757152,406377.8730900453
2024-08-02,204403.8968761376,399715.4818398943
2024-08-05,199324.6122030167,388605.405019184
2024-08-06,198572.72010333688,387889.75625825033
2024-08-07,199204.16731560367,396411.23527595564
2024-08-08,197553.40105953714,393606.1005008307
2024-08-09,199128.16642302313,401371.4610119547
2024-08-12,198405.0827046287,400313.2926189586
2024-08-13,197659.81818982156,397366.9113038005
2024-08-14,196436.09832772147,395775.5729316622
2024-08-16,199917.05394617192,402877.87891603104
2024-08-19,199767.19176237326,405025.4221448683
2024-08-20,202221.86723040082,406882.19892235694
2024-08-21,203629.2047642776,409424.23360915895
2024-08-22,204448.909075725,410850.5731364555
2024-08-23,204306.55497781473,410345.9102875578
2024-08-26,206202.07007710534,412461.05198873684
2024-08-27,206070.91148489952,411829.2731356467
2024-08-28,206185.30752756516,413546.7317772368
2024-08-29,206971.249984817,413998.06297657226
2024-08-30,208302.2686144228,415600.5424936601
2024-09-02,210989.11382492853,417002.08152672905
2024-09-03,210246.41822366338,415990.90805293806
2024-09-04,208864.0456585907,415124.4534495805
2024-09-05,208289.5257306602,414613.7196563337
2024-09-06,207447.6891415962,410599.2502150972
2024-09-09,207306.20367081283,410665.4321283137
2024-09-10,207381.21828765346,412343.51684181415
2024-09-11,205493.6310798764,410339.1325555757
2024-09-12,209123.51646858588,418024.2432962929
2024-09-13,209716.53332427013,417433.1575738902
2024-09-16,210358.22556426015,418338.9741697856
2024-09-17,209139.22161127382,419081.5366399865
2024-09-18,209040.63969451684,417172.77564905834
2024-09-19,209041.00906697393,416657.114881327
2024-09-20,210980.12101142632,423017.03962954466
2024-09-23,212905.06961102283,427044.05987775704
2024-09-24,214908.97616556022,428360.3505871002
2024-09-25,214982.82261901625,429118.64241749153
2024-09-26,218887.80022024384,434374.71220598463
2024-09-27,219763.3399447065,435179.9079638738
2024-09-30,218936.6949396565,430919.7296886945
2024-10-01,218505.54027761953,432410.7955077653
2024-10-03,216235.75800069122,423801.96277917357
2024-10-04,215791.9170704688,419658.6216664482
2024-10-07,210978.23734918595,415273.1410575532
2024-10-08,213401.899919444,423840.55391524313
2024-10-09,212790.02442645602,425144.9186417966
2024-10-10,213585.08780510823,423830.714008683
2024-10-11,213232.32960838953,424544.64604556555
2024-10-14,213138.2719364474,424952.6561101395
2024-10-15,211249.6045632625,423432.1874195137
2024-10-16,210581.73896866068,419911.7876946999
2024-10-17,209216.22270486486,413795.8798156837
2024-10-18,210505.98193013924,414909.725804792
2024-10-21,207707.15345392586,410268.1987422316
2024-10-22,202689.05554494984,402823.01527804014
2024-10-23,201412.00690358094,402662.14278926
2024-10-24,201467.44624380852,401644.1839631631
2024-10-25,193993.5824648623,393998.40010570217
2024-10-28,195842.99883922093,398327.0923600838
2024-10-29,197250.82658464892,401263.6678543768
2024-10-30,198820.6233995191,401986.39915479656
2024-10-31,198791.35351097345,399443.8171877603
2024-11-01,199981.6891411739,400885.6300615052
2024-11-04,196397.81033335326,395493.2281720032
2024-11-05,198523.787187162,397807.36080305505
2024-11-06,200738.61323269235,404130.22132142703
2024-11-07,198395.1867983636,396538.45868510235
2024-11-08,197644.51143580515,394386.85620493937
2024-11-11,197381.61091796277,393411.71397767443
2024-11-12,195073.92397256658,389441.2984513148
2024-11-13,191751.44649840536,383978.9361799775
2024-11-14,190467.74076190958,383074.8747367769
2024-11-18,190696.002796564,380973.74775055604
2024-11-19,190677.10068312666,382225.31213384506
2024-11-21,186750.9533852197,365401.9404712653
2024-11-22,190971.03252954388,374347.9046898074
2024-11-25,193546.35742235216,378409.45907193306
2024-11-26,192614.53012668062,374610.62389247015
2024-11-27,193847.6253587417,381883.73561046907
2024-11-28,191132.19172014718,377329.2398707367
2024-11-29,192708.93381804271,380603.65529428906
2024-12-02,193559.14998020505,383000.44049902906
2024-12-03,195265.11348025224,386617.13003672013
2024-12-04,194574.0843494756,385848.32378955773
2024-12-05,195775.26524810985,389853.31372950826
2024-12-06,195967.2688798204,389548.99270535994
2024-12-09,194885.47248960217,388192.42981160956
2024-12-10,194163.13798414188,387079.6256645572
2024-12-11,194984.85658782296,388915.1088201951
2024-12-12,193651.11877779255,388469.4907329729
2024-12-13,194708.11966770166,390955.65473640757
2024-12-16,193957.10994504686,389264.1360871252
2024-12-17,190941.820392947,384450.54205479746
2024-12-18,189797.33840496186,383627.8749308039
2024-12-19,188947.80885698667,380746.4170335974
2024-12-20,186206.82859592454,373197.57424921065
2024-12-23,186961.00680509568,375099.1161981203
2024-12-24,186691.29238075137,375583.46122319385
2024-12-26,187384.481644332,377323.0235534112
2024-12-27,187530.65200975968,378402.5350888204
2024-12-30,186880.76189618272,380342.8602197345
2024-12-31,187211.8531099197,379904.5621599783
2025-01-01,187747.18442627892,381057.4604066856
2025-01-02,192031.4467934431,389668.4902514547
2025-01-03,192080.0416904778,387388.38583142124
2025-01-06,188095.11881044638,379438.2513648285
2025-01-07,189292.84467384042,380584.5956696075
2025-01-08,189636.54689522288,378736.6652172187
2025-01-09,188634.01203960538,375930.64329542074
2025-01-10,186628.02201722882,372261.3172079505
2025-01-13,183067.83761134453,361620.5079569823
2025-01-14,185356.65231079079,365651.0891788988
2025-01-15,185641.3432072624,367325.3343045376
2025-01-16,186722.14262431805,368164.8130334169
2025-01-17,187615.6090880204,367632.9284846332
2025-01-20,188431.6775879054,369476.98707007046
2025-01-21,186173.4548339151,363155.7614880716
2025-01-22,186306.68480001143,363567.7945936724
2025-01-23,187140.98187106935,365869.75136611814
2025-01-24,185765.00870189778,361395.6253684289
2025-01-27,183399.9767056001,355592.47962603427
2025-01-28,183198.52693607938,356717.2834730211
2025-01-29,185385.42568046355,361846.6963794093
2025-01-30,186190.71508611258,361090.36287021363
2025-01-31,189618.1336690159,366971.4100252262
2025-02-01,189518.53363336052,368687.6441741227
2025-02-03,187679.4560058419,367389.8818109119
2025-02-04,189966.36297035753,369254.3579151511
2025-02-05,189811.329651998,369260.08931887377
2025-02-06,188716.6819605069,364946.1957527813
2025-02-07,189088.58057462506,367280.99604466866
2025-02-10,187046.97170927003,362155.1447152147
2025-02-11,184219.60069003643,358398.5999530273
2025-02-12,184734.29428879597,359377.33333341056
2025-02-13,184857.55024534033,357471.74535649846
2025-02-14,182827.69962823138,352340.29385212227
2025-02-17,184115.34371058212,354782.53127082804
2025-02-18,183918.35263174443,354474.5815351947
2025-02-19,183839.23151969357,352977.2352830243
2025-02-20,184723.87880080743,354365.16320351826
2025-02-21,183990.795131879,351525.87846468104
2025-02-24,182188.83591745747,348376.03134035075
2025-02-25,181395.4377535815,347552.570892635
2025-02-27,180978.67358847253,346240.3319099358
2025-02-28,177113.88850850888,339302.98565361794
2025-03-03,177462.42632001368,341180.59950232913
2025-03-04,177266.10647911378,341139.8221272082
2025-03-05,180342.0690691743,348218.37319690385
2025-03-06,182500.55714908976,351201.3018668955
2025-03-07,182063.60064537823,350162.42956593947
2025-03-10,180856.84254491716,347167.5359457394
2025-03-11,180415.15716497874,349137.50086558715
2025-03-12,179748.73645095856,347857.3904445493
2025-03-13,178875.30289350916,346238.6827019476
2025-03-17,180030.67443734873,349591.1549030535
2025-03-18,180043.30348383516,349603.7015876185
2025-03-19,183897.2386082228,356653.056750527
2025-03-20,185855.58818521092,360233.7078148272
2025-03-21,187212.3769373189,362555.73647453566
2025-03-24,188744.95302874313,365125.3357676643
2025-03-25,188289.6650088088,364561.9444961287
2025-03-26,187061.8910602074,362972.4537879878
2025-03-27,188603.24074775656,366410.7935628515
2025-03-28,187645.04325364687,363575.32455522136
2025-04-01,186764.53986999727,362527.6090058632
2025-04-02,188016.0530883682,365946.10039886425
2025-04-03,187946.23919741632,366282.7319611363
2025-04-04,183618.84289850065,358535.5935754427
2025-04-07,178527.03015782507,342661.29072304134
2025-04-08,182006.330183088,349628.8084926792
2025-04-09,180978.57583228714,346475.86839467834
2025-04-11,184362.47396180732,354558.27636507613
2025-04-15,188021.62109297916,362557.48261827475
2025-04-16,189661.83464213237,364727.2359942308
2025-04-17,191412.84904498406,368976.6429713076
2025-04-21,194115.85500089786,374409.1689887242
2025-04-22,193387.9708302441,373780.7097785584
2025-04-23,196104.18629334733,377172.1479232101
2025-04-24,196101.3834077144,376577.434611264
2025-04-25,193674.40850283572,370139.40967110515
2025-04-28,195737.58623205786,373539.4024226295
2025-04-29,195589.94027658654,373076.3564870558
2025-04-30,195067.64976410134,370247.3129554556
2025-05-02,194297.93288028552,368685.7042041368
2025-05-05,196079.8017561474,375842.55530678335
2025-05-06,195296.10720391225,371829.4206878799
2025-05-07,195105.0301392288,372130.8180900909
2025-05-08,193557.0569445811,368193.4074277537
2025-05-09,193323.19022640787,364366.4482847271
2025-05-12,200449.3240922835,380758.20822072297
2025-05-13,198518.2665080514,377065.3134264999
2025-05-14,200226.43716449756,379347.18062425154
2025-05-15,203833.60391306272,386968.3388247079
2025-05-16,203565.67170490223,387165.4967372708
2025-05-19,203164.61707353248,386124.0412237974
2025-05-20,201084.3949515543,381320.7971368293
2025-05-21,201823.7238394948,382874.14327070053
2025-05-22,199711.8924556963,379228.8368653198
2025-05-23,201743.2853178674,383917.6582190363
2025-05-26,203941.99556355263,386801.69685742876
2025-05-27,203599.19087067334,384926.3615319817
2025-05-28,202418.09688389572,382973.51617675344
2025-05-29,204550.5723829082,385062.8878731998
2025-05-30,202551.78267013797,382429.92754370114
2025-06-02,201313.89514270352,382144.48543086956
2025-06-03,200238.3251174696,378772.7409353891
2025-06-04,200634.35770327723,378969.6831054615
2025-06-05,201864.79594324285,381307.25907780416
2025-06-06,203550.6031747966,386236.8406234927
2025-06-09,205817.8879689779,389787.6769635474
2025-06-10,207430.17022943322,390390.88839504274
2025-06-11,209233.32777417183,390207.49260666163
2025-06-12,207546.07878821788,385374.54489805846
2025-06-13,207148.66393769858,382751.07998050237
2025-06-16,209472.8798655388,387045.3216629886
2025-06-17,208698.965582481,383923.10740070423
2025-06-18,209520.39026095884,383112.83283543744
2025-06-19,208668.51699507536,381839.68242010253
2025-06-20,209764.4634881001,386681.18619016156
2025-06-23,207661.78998967074,387327.1961052082
2025-06-24,207628.6693728697,388883.4428630488
2025-06-25,209632.27792099508,392488.6114586463
2025-06-26,209929.49539369697,396990.8386180777
2025-06-27,211617.82328538323,398760.2375172464
2025-06-30,211895.3519500348,398250.36268405715
2025-07-01,212014.41061614107,397895.74949568516
2025-07-02,212240.88404785923,398135.52570840647
2025-07-03,212474.621913746,396851.3573075261
2025-07-04,213373.42876724183,392972.93013623805
2025-07-07,212692.56349275954,392935.7499935336
2025-07-08,212834.45518989657,392818.14206836175
2025-07-09,211573.84629904735,391800.96763104235
2025-07-10,211082.58089552502,390448.13363774924
2025-07-11,208542.28493596497,386935.7970799995
2025-07-14,207374.4214643833,386544.8515366987
2025-07-15,210417.57460121068,388963.9662342626
2025-07-16,211073.3293500572,389418.9519176932
2025-07-17,209120.3879185306,389255.6944337199
2025-07-18,209702.97901825325,387678.9878852831
2025-07-21,207778.50678602053,388746.087990911
2025-07-22,206791.226364217,386900.3679457572
2025-07-23,207704.6198329392,389004.3969346618
2025-07-24,206848.83784792462,385568.8419523174
2025-07-25,204867.06020139123,380642.55985087313
2025-07-28,203507.44735750643,377922.6030971822
2025-07-29,203819.7790498449,379959.7449448644
2025-07-30,204533.6937897758,380312.77979450027
2025-07-31,202549.51096392376,376796.0797562782
2025-08-01,198324.71066363153,372663.28333091224
2025-08-04,200179.893190577,376320.03990540263
2025-08-05,200171.4325139643,375720.807393426
2025-08-06,197784.24629339215,373621.2234247519
2025-08-07,198350.86236523092,372581.5666955148
2025-08-08,197480.5693878998,368913.31224734674
2025-08-11,199048.0616159826,374337.4949021231
2025-08-12,199609.91895048035,373647.50526158663
2025-08-13,199893.60287561984,376270.74773421173
2025-08-14,199850.7251473559,375702.4321163024
2025-08-18,200914.59434436855,382143.9775602527
2025-08-19,201093.5531010153,384241.9684995603
2025-08-20,202993.08315065762,385575.99988100945
2025-08-21,202203.94600162396,385439.6163887943
2025-08-22,200440.01252378174,381727.0928758076
2025-08-25,201948.16071031743,382570.8261941688
2025-08-26,199473.14400510257,378019.10112323414
2025-08-28,197414.8319451057,375685.7145326444
2025-08-29,197419.18636259012,374752.970776484
2025-09-01,199607.8973731647,379823.5174529268
2025-09-02,200282.26577621995,379687.58272006334
2025-09-03,200983.702715277,382207.8563835518
2025-09-04,200623.0569951193,382967.52150884934
2025-09-05,200158.42936941754,382960.9584930606
2025-09-08,198962.54132344815,382370.7858406922
2025-09-09,200327.40947239657,383945.6790743313
2025-09-10,202628.79348819473,386108.31480262656
2025-09-11,203598.45674304507,387567.6840752554
2025-09-12,204025.94035202477,388340.29662820074
2025-09-15,203292.29981815655,387115.0484773128
2025-09-16,204441.75713014242,389496.50369534246
2025-09-17,205445.82080918373,390790.4993297118
2025-09-18,206103.2473340864,391163.34885361604
2025-09-19,206151.60817416827,392846.3987073233
2025-09-22,204780.81716764788,393580.13905696827
2025-09-23,204825.29854174395,393534.12263282633
2025-09-24,204366.36849429668,391625.4562493314
2025-09-25,202190.47965796824,387307.44027684786
2025-09-26,199402.83005586927,382392.03057629627
2025-09-29,199441.77093396304,381955.11366379
2025-09-30,199194.66241495986,381916.4667591431
2025-10-01,202375.00458240652,386647.9338234057
2025-10-03,202867.63383975415,387519.3640353746
2025-10-06,204741.1805229056,388789.6627791742
2025-10-07,204371.6947822452,387624.967373253
2025-10-08,203969.82460706914,386080.5920698393
2025-10-09,205394.19714419413,388743.3366669214
2025-10-10,206426.910131919,390114.06038211775
2025-10-13,205431.5559615087,389257.0641267488
2025-10-14,205049.43316874153,387500.17090946104
2025-10-15,205588.12562724756,391339.6940841153
2025-10-16,207436.7471380468,395436.07389652624
2025-10-17,207256.572410111,396367.7412134304
2025-10-20,208630.51752216893,398073.89380754315
2025-10-21,208597.63166536513,398542.5236822941
2025-10-23,210039.89043022,398673.33544488985
2025-10-24,209748.84522829653,396600.06184556184
2025-10-27,211150.00294223032,398352.3671607511
2025-10-28,210689.03276255965,397601.85850176984
2025-10-29,212966.74280155404,400628.1632606407
2025-10-30,211072.0517673968,398437.3847669584
2025-10-31,209611.76693756235,395227.1519772642
2025-11-03,209463.7234441315,396018.5115912713
2025-11-04,207438.7749694515,393082.8387461496
2025-11-06,206803.67791955167,389281.300206165
2025-11-07,206691.4861996594,390891.91575928306
2025-11-10,206882.36726130111,387973.3066283581
2025-11-11,209035.4513257814,388568.24179752904
2025-11-12,212456.86871037658,393746.3714665773
2025-11-13,212521.30621350894,393472.430919422
2025-11-14,211741.26866929483,394452.4836884582
2025-11-17,212123.77405971108,396718.45524883695
2025-11-18,210548.94081629027,394198.5181507592
2025-11-19,212497.34169228096,395659.5925983315
2025-11-20,212668.0059930269,397368.61607546936
2025-11-21,212782.4105739681,395028.5400233187
2025-11-24,211903.35902915438,392837.00692904735
2025-11-25,210576.83212210966,390549.6664617853
2025-11-26,212925.96321838984,394416.7568031714
2025-11-27,212218.58512053496,392572.8213934614
2025-11-28,212026.80189445586,392946.35998410993
2025-12-01,212093.02649271628,392213.72217543283
2025-12-02,211782.11112393969,391091.9284484786
2025-12-03,211443.50588034705,388101.37905496516
2025-12-04,212558.3574467428,390250.8255229647
2025-12-05,212657.3853838246,393378.2712909537
2025-12-08,211095.24044078923,388294.4756473712
2025-12-09,210005.3535465923,387403.8639278704
2025-12-10,209374.2594184458,385740.1470908181
2025-12-11,211060.05382133328,388815.0262034454
2025-12-12,211754.27122572725,391457.2015199855
2025-12-15,211734.79017747284,391285.68910561607
2025-12-16,210345.0148532358,388744.43382584886
2025-12-17,209203.97573313594,387780.7389770619
2025-12-18,208876.96915287926,387367.84889132855
2025-12-19,210250.60246082733,389686.71856096253
2025-12-22,211494.16123014086,393575.32936783973
2025-12-23,212068.69755042318,393467.5894536898
2025-12-24,211954.63494782583,393157.69199119153
2025-12-26,211674.3199510053,392312.2836611749
2025-12-29,210642.1739752279,390312.7091487868
2025-12-30,210007.66403835814,390788.4447491277
2025-12-31,211894.48319680282,394763.2020581628
2026-01-01,211277.13224341796,396319.70041858614
2026-01-02,213043.02402166373,399679.22837592
2026-01-05,213771.20905279613,399824.89866480447
2026-01-06,213716.20938498576,398368.4280675892
2026-01-07,212722.30537049327,398880.7816588852
2026-01-08,210393.6514695827,392977.4872692176
2026-01-09,207766.6692463695,389010.9229706794
2026-01-12,209245.03348093433,391830.1378485289
2026-01-13,207823.9784468201,390301.72619865875
2026-01-14,207447.07624286177,389773.15545077424
2026-01-15,207446.7796750879,389773.15545077424
2026-01-16,206179.19773757766,390492.75345591333
2026-01-19,206086.3663574034,389704.6240934322
2026-01-20,202589.24515121675,381409.2331582424
2026-01-21,201573.53223772638,379841.47273207235
2026-01-22,203709.1244476216,383910.60538607265
2026-01-23,200572.01624864008,375599.7763953737
2026-01-27,201943.2999298165,380241.9292136064
2026-01-28,203636.92195303526,383172.8902369263
2026-01-29,203204.54993551192,384198.45751738985
2026-01-30,203218.011942683,383098.9902596023
2026-02-02,201376.16326150784,378941.2262714048
2026-02-03,208000.69299607544,391902.451268373
2026-02-04,210082.68585130025,394150.4051592529
2026-02-05,210102.64396826416,394065.247440712
2026-02-06,211472.61939892735,394214.322781189
2026-02-09,212402.969580532,398009.25866039295
2026-02-10,212071.50044749104,398271.813214613
2026-02-11,213368.78422629752,399627.13929188653
2026-02-12,213273.3732187033,398013.37126942544
2026-02-13,210558.3040340185,392325.2986379766
2026-02-16,212619.72356975544,395493.6018207544
2026-02-17,213449.19229954228,397240.24179029465
2026-02-18,214335.3120522996,398104.1445974712
2026-02-19,211505.66965089712,391786.67050736793
2026-02-20,212251.0344933333,393843.546894239
2026-02-23,213062.80299378463,396148.01297765283
2026-02-24,210648.87140322378,393000.51987972425
2026-02-25,211632.89722748243,396300.70654137235
2026-02-26,211471.44411810013,395944.4786310705
2026-02-27,208893.30041510946,390877.8677375613
2026-03-02,206082.7959907806,386038.93875090644
2026-03-04,202889.78944634032,378216.16821499896
2026-03-05,204378.48277669027,383030.68692623754
2026-03-06,202244.95477810266,378541.8133642034
2026-03-09,199638.94407931328,371804.61347160366
2026-03-10,201122.48176374202,375594.81588433916
2026-03-11,197419.42343085678,369882.53127515136
2026-03-12,195098.35298316187,367362.3797425343
2026-03-13,192252.64779688857,359960.66712606273
2026-03-16,194410.34400362967,363059.4142561668
2026-03-17,194965.857513483,364770.41378798656
2026-03-18,196873.59800706053,368110.18365559616
2026-03-19,190170.50702829054,356110.3570635081
2026-03-20,191295.863307725,358984.03288502665
2026-03-23,186146.61006217814,347520.9439819532
2026-03-24,189680.51578304148,352161.11478629307
2026-03-25,192972.60967240858,359782.309113912
2026-03-27,189689.32597386683,353200.7324473119
2026-03-30,185460.49301303984,345694.8126943281
2026-04-01,188158.90390246754,352211.8388352567
2026-04-02,188524.18918728078,352316.2633453466
2026-04-06,191383.28512160265,359294.15171923715
2026-04-07,192525.5353555814,360686.4009910706
2026-04-08,199905.6246137389,374030.375443836
2026-04-09,198580.11082446203,373006.94631596137
2026-04-10,201088.7161941817,377544.9680008744
2026-04-13,198787.50732091122,375690.9267002184
2026-04-15,202819.72740292255,381879.8084660433
2026-04-16,202986.55304821438,383583.3472329417
2026-04-17,204269.93088006665,386391.3817413504
2026-04-20,204545.40895013048,388051.04270135844
2026-04-21,206697.11781733614,391161.2957714365
2026-04-22,204988.20536251905,389902.58917800785
2026-04-23,203045.28479849888,388184.8788285401
2026-04-24,200351.1190514732,385169.17653418914
2026-04-27,203099.93903246947,388822.9176848487
2026-04-28,202169.4054516093,390055.58361882484
2026-04-29,204263.11993790057,392383.19020603946
2026-04-30,203227.99084789882,389636.32879160263
2026-05-01,203227.87409048874,389636.32879160263
2026-05-04,204413.51976069625,393246.4253916159
2026-05-05,204382.29939457763,392335.4209947089
2026-05-06,207185.0993806978,398260.57458013867
2026-05-07,207237.1235115616,398067.0169352294
2026-05-08,206601.15238350828,397104.2955432055
